scenario,temporal_mode,spatial_mode,scale,dod,replica,replica_block,customers,dynamic_customers,generation_seed,min_reachability_slack,bytes,path
US,uniform,stationary,20,0.0,0,formal,20,0,20260731,178,10330,data/US/n20/dod0/replica0.json
US,uniform,stationary,20,0.0,1,formal,20,0,20260831,153,10328,data/US/n20/dod0/replica1.json
US,uniform,stationary,20,0.0,2,formal,20,0,20260931,268,10335,data/US/n20/dod0/replica2.json
US,uniform,stationary,20,0.0,3,formal,20,0,20261031,104,10335,data/US/n20/dod0/replica3.json
US,uniform,stationary,20,0.0,4,formal,20,0,20261131,68,10327,data/US/n20/dod0/replica4.json
US,uniform,stationary,20,0.0,5,extra5,20,0,120265731,172,10335,data/US/n20/dod0/replica5.json
US,uniform,stationary,20,0.0,6,extra5,20,0,120266731,71,10325,data/US/n20/dod0/replica6.json
US,uniform,stationary,20,0.0,7,extra5,20,0,120267731,124,10325,data/US/n20/dod0/replica7.json
US,uniform,stationary,20,0.0,8,extra5,20,0,120268731,84,10320,data/US/n20/dod0/replica8.json
US,uniform,stationary,20,0.0,9,extra5,20,0,120269731,100,10329,data/US/n20/dod0/replica9.json
US,uniform,stationary,20,0.2,0,formal,20,4,20270731,56,10342,data/US/n20/dod20/replica0.json
US,uniform,stationary,20,0.2,1,formal,20,4,20270831,68,10340,data/US/n20/dod20/replica1.json
US,uniform,stationary,20,0.2,2,formal,20,4,20270931,52,10350,data/US/n20/dod20/replica2.json
US,uniform,stationary,20,0.2,3,formal,20,4,20271031,66,10336,data/US/n20/dod20/replica3.json
US,uniform,stationary,20,0.2,4,formal,20,4,20271131,98,10337,data/US/n20/dod20/replica4.json
US,uniform,stationary,20,0.2,5,extra5,20,4,120275731,80,10340,data/US/n20/dod20/replica5.json
US,uniform,stationary,20,0.2,6,extra5,20,4,120276731,26,10331,data/US/n20/dod20/replica6.json
US,uniform,stationary,20,0.2,7,extra5,20,4,120277731,70,10334,data/US/n20/dod20/replica7.json
US,uniform,stationary,20,0.2,8,extra5,20,4,120278731,58,10343,data/US/n20/dod20/replica8.json
US,uniform,stationary,20,0.2,9,extra5,20,4,120279731,26,10339,data/US/n20/dod20/replica9.json
US,uniform,stationary,20,0.5,0,formal,20,10,20280731,44,10350,data/US/n20/dod50/replica0.json
US,uniform,stationary,20,0.5,1,formal,20,10,20280831,31,10332,data/US/n20/dod50/replica1.json
US,uniform,stationary,20,0.5,2,formal,20,10,20280931,66,10348,data/US/n20/dod50/replica2.json
US,uniform,stationary,20,0.5,3,formal,20,10,20281031,34,10338,data/US/n20/dod50/replica3.json
US,uniform,stationary,20,0.5,4,formal,20,10,20281131,56,10334,data/US/n20/dod50/replica4.json
US,uniform,stationary,20,0.5,5,extra5,20,10,120285731,33,10337,data/US/n20/dod50/replica5.json
US,uniform,stationary,20,0.5,6,extra5,20,10,120286731,56,10348,data/US/n20/dod50/replica6.json
US,uniform,stationary,20,0.5,7,extra5,20,10,120287731,53,10336,data/US/n20/dod50/replica7.json
US,uniform,stationary,20,0.5,8,extra5,20,10,120288731,31,10343,data/US/n20/dod50/replica8.json
US,uniform,stationary,20,0.5,9,extra5,20,10,120289731,31,10351,data/US/n20/dod50/replica9.json
US,uniform,stationary,20,0.8,0,formal,20,16,20290731,20,10368,data/US/n20/dod80/replica0.json
US,uniform,stationary,20,0.8,1,formal,20,16,20290831,13,10323,data/US/n20/dod80/replica1.json
US,uniform,stationary,20,0.8,2,formal,20,16,20290931,56,10356,data/US/n20/dod80/replica2.json
US,uniform,stationary,20,0.8,3,formal,20,16,20291031,52,10334,data/US/n20/dod80/replica3.json
US,uniform,stationary,20,0.8,4,formal,20,16,20291131,39,10338,data/US/n20/dod80/replica4.json
US,uniform,stationary,20,0.8,5,extra5,20,16,120295731,81,10351,data/US/n20/dod80/replica5.json
US,uniform,stationary,20,0.8,6,extra5,20,16,120296731,22,10341,data/US/n20/dod80/replica6.json
US,uniform,stationary,20,0.8,7,extra5,20,16,120297731,32,10339,data/US/n20/dod80/replica7.json
US,uniform,stationary,20,0.8,8,extra5,20,16,120298731,39,10348,data/US/n20/dod80/replica8.json
US,uniform,stationary,20,0.8,9,extra5,20,16,120299731,25,10345,data/US/n20/dod80/replica9.json
US,uniform,stationary,20,0.9,0,formal,20,18,20300732,29,10337,data/US/n20/dod90/replica0.json
US,uniform,stationary,20,0.9,1,formal,20,18,20300831,28,10339,data/US/n20/dod90/replica1.json
US,uniform,stationary,20,0.9,2,formal,20,18,20300931,11,10353,data/US/n20/dod90/replica2.json
US,uniform,stationary,20,0.9,3,formal,20,18,20301031,4,10329,data/US/n20/dod90/replica3.json
US,uniform,stationary,20,0.9,4,formal,20,18,20301131,57,10348,data/US/n20/dod90/replica4.json
US,uniform,stationary,20,0.9,5,extra5,20,18,120305731,29,10333,data/US/n20/dod90/replica5.json
US,uniform,stationary,20,0.9,6,extra5,20,18,120306731,31,10341,data/US/n20/dod90/replica6.json
US,uniform,stationary,20,0.9,7,extra5,20,18,120307731,39,10346,data/US/n20/dod90/replica7.json
US,uniform,stationary,20,0.9,8,extra5,20,18,120308731,50,10342,data/US/n20/dod90/replica8.json
US,uniform,stationary,20,0.9,9,extra5,20,18,120309731,44,10354,data/US/n20/dod90/replica9.json
US,uniform,stationary,20,0.95,0,formal,20,19,20310731,48,10339,data/US/n20/dod95/replica0.json
US,uniform,stationary,20,0.95,1,formal,20,19,20310831,51,10322,data/US/n20/dod95/replica1.json
US,uniform,stationary,20,0.95,2,formal,20,19,20310931,49,10332,data/US/n20/dod95/replica2.json
US,uniform,stationary,20,0.95,3,formal,20,19,20311031,28,10351,data/US/n20/dod95/replica3.json
US,uniform,stationary,20,0.95,4,formal,20,19,20311131,12,10349,data/US/n20/dod95/replica4.json
US,uniform,stationary,20,0.95,5,extra5,20,19,120315731,47,10350,data/US/n20/dod95/replica5.json
US,uniform,stationary,20,0.95,6,extra5,20,19,120316731,25,10327,data/US/n20/dod95/replica6.json
US,uniform,stationary,20,0.95,7,extra5,20,19,120317731,21,10357,data/US/n20/dod95/replica7.json
US,uniform,stationary,20,0.95,8,extra5,20,19,120318731,73,10347,data/US/n20/dod95/replica8.json
US,uniform,stationary,20,0.95,9,extra5,20,19,120319731,34,10332,data/US/n20/dod95/replica9.json
US,uniform,stationary,50,0.0,0,formal,50,0,21260731,80,21011,data/US/n50/dod0/replica0.json
US,uniform,stationary,50,0.0,1,formal,50,0,21260831,178,21017,data/US/n50/dod0/replica1.json
US,uniform,stationary,50,0.0,2,formal,50,0,21260931,111,21024,data/US/n50/dod0/replica2.json
US,uniform,stationary,50,0.0,3,formal,50,0,21261031,118,21030,data/US/n50/dod0/replica3.json
US,uniform,stationary,50,0.0,4,formal,50,0,21261131,92,21013,data/US/n50/dod0/replica4.json
US,uniform,stationary,50,0.0,5,extra5,50,0,121265731,123,21030,data/US/n50/dod0/replica5.json
US,uniform,stationary,50,0.0,6,extra5,50,0,121266731,82,21022,data/US/n50/dod0/replica6.json
US,uniform,stationary,50,0.0,7,extra5,50,0,121267731,102,21029,data/US/n50/dod0/replica7.json
US,uniform,stationary,50,0.0,8,extra5,50,0,121268731,108,21026,data/US/n50/dod0/replica8.json
US,uniform,stationary,50,0.0,9,extra5,50,0,121269731,97,21010,data/US/n50/dod0/replica9.json
US,uniform,stationary,50,0.2,0,formal,50,10,21270731,72,21044,data/US/n50/dod20/replica0.json
US,uniform,stationary,50,0.2,1,formal,50,10,21270831,60,21049,data/US/n50/dod20/replica1.json
US,uniform,stationary,50,0.2,2,formal,50,10,21270932,51,21054,data/US/n50/dod20/replica2.json
US,uniform,stationary,50,0.2,3,formal,50,10,21271031,52,21037,data/US/n50/dod20/replica3.json
US,uniform,stationary,50,0.2,4,formal,50,10,21271131,56,21046,data/US/n50/dod20/replica4.json
US,uniform,stationary,50,0.2,5,extra5,50,10,121275731,13,21047,data/US/n50/dod20/replica5.json
US,uniform,stationary,50,0.2,6,extra5,50,10,121276731,31,21048,data/US/n50/dod20/replica6.json
US,uniform,stationary,50,0.2,7,extra5,50,10,121277731,39,21045,data/US/n50/dod20/replica7.json
US,uniform,stationary,50,0.2,8,extra5,50,10,121278731,49,21028,data/US/n50/dod20/replica8.json
US,uniform,stationary,50,0.2,9,extra5,50,10,121279731,30,21047,data/US/n50/dod20/replica9.json
US,uniform,stationary,50,0.5,0,formal,50,25,21280731,36,21030,data/US/n50/dod50/replica0.json
US,uniform,stationary,50,0.5,1,formal,50,25,21280831,29,21043,data/US/n50/dod50/replica1.json
US,uniform,stationary,50,0.5,2,formal,50,25,21280931,46,21039,data/US/n50/dod50/replica2.json
US,uniform,stationary,50,0.5,3,formal,50,25,21281031,16,21041,data/US/n50/dod50/replica3.json
US,uniform,stationary,50,0.5,4,formal,50,25,21281131,35,21049,data/US/n50/dod50/replica4.json
US,uniform,stationary,50,0.5,5,extra5,50,25,121285731,5,21034,data/US/n50/dod50/replica5.json
US,uniform,stationary,50,0.5,6,extra5,50,25,121286731,17,21043,data/US/n50/dod50/replica6.json
US,uniform,stationary,50,0.5,7,extra5,50,25,121287731,47,21057,data/US/n50/dod50/replica7.json
US,uniform,stationary,50,0.5,8,extra5,50,25,121288731,23,21040,data/US/n50/dod50/replica8.json
US,uniform,stationary,50,0.5,9,extra5,50,25,121289731,40,21044,data/US/n50/dod50/replica9.json
US,uniform,stationary,50,0.8,0,formal,50,40,21290731,26,21035,data/US/n50/dod80/replica0.json
US,uniform,stationary,50,0.8,1,formal,50,40,21290831,18,21041,data/US/n50/dod80/replica1.json
US,uniform,stationary,50,0.8,2,formal,50,40,21290931,1,21046,data/US/n50/dod80/replica2.json
US,uniform,stationary,50,0.8,3,formal,50,40,21291031,43,21064,data/US/n50/dod80/replica3.json
US,uniform,stationary,50,0.8,4,formal,50,40,21291131,24,21069,data/US/n50/dod80/replica4.json
US,uniform,stationary,50,0.8,5,extra5,50,40,121295731,8,21057,data/US/n50/dod80/replica5.json
US,uniform,stationary,50,0.8,6,extra5,50,40,121296731,7,21061,data/US/n50/dod80/replica6.json
US,uniform,stationary,50,0.8,7,extra5,50,40,121297731,62,21033,data/US/n50/dod80/replica7.json
US,uniform,stationary,50,0.8,8,extra5,50,40,121298731,26,21029,data/US/n50/dod80/replica8.json
US,uniform,stationary,50,0.8,9,extra5,50,40,121299731,49,21066,data/US/n50/dod80/replica9.json
US,uniform,stationary,50,0.9,0,formal,50,45,21300731,14,21044,data/US/n50/dod90/replica0.json
US,uniform,stationary,50,0.9,1,formal,50,45,21300831,7,21032,data/US/n50/dod90/replica1.json
US,uniform,stationary,50,0.9,2,formal,50,45,21300931,22,21052,data/US/n50/dod90/replica2.json
US,uniform,stationary,50,0.9,3,formal,50,45,21301031,43,21059,data/US/n50/dod90/replica3.json
US,uniform,stationary,50,0.9,4,formal,50,45,21301131,30,21046,data/US/n50/dod90/replica4.json
US,uniform,stationary,50,0.9,5,extra5,50,45,121305731,47,21056,data/US/n50/dod90/replica5.json
US,uniform,stationary,50,0.9,6,extra5,50,45,121306731,17,21022,data/US/n50/dod90/replica6.json
US,uniform,stationary,50,0.9,7,extra5,50,45,121307731,1,21055,data/US/n50/dod90/replica7.json
US,uniform,stationary,50,0.9,8,extra5,50,45,121308732,6,21026,data/US/n50/dod90/replica8.json
US,uniform,stationary,50,0.9,9,extra5,50,45,121309731,46,21064,data/US/n50/dod90/replica9.json
US,uniform,stationary,50,0.95,0,formal,50,47,21310731,12,21038,data/US/n50/dod95/replica0.json
US,uniform,stationary,50,0.95,1,formal,50,47,21310831,1,21033,data/US/n50/dod95/replica1.json
US,uniform,stationary,50,0.95,2,formal,50,47,21310931,43,21048,data/US/n50/dod95/replica2.json
US,uniform,stationary,50,0.95,3,formal,50,47,21311031,51,21039,data/US/n50/dod95/replica3.json
US,uniform,stationary,50,0.95,4,formal,50,47,21311131,9,21035,data/US/n50/dod95/replica4.json
US,uniform,stationary,50,0.95,5,extra5,50,47,121315731,7,21040,data/US/n50/dod95/replica5.json
US,uniform,stationary,50,0.95,6,extra5,50,47,121316731,18,21055,data/US/n50/dod95/replica6.json
US,uniform,stationary,50,0.95,7,extra5,50,47,121317732,50,21037,data/US/n50/dod95/replica7.json
US,uniform,stationary,50,0.95,8,extra5,50,47,121318731,33,21047,data/US/n50/dod95/replica8.json
US,uniform,stationary,50,0.95,9,extra5,50,47,121319731,22,21069,data/US/n50/dod95/replica9.json
US,uniform,stationary,100,0.0,0,formal,100,0,22260731,85,38908,data/US/n100/dod0/replica0.json
US,uniform,stationary,100,0.0,1,formal,100,0,22260831,41,38926,data/US/n100/dod0/replica1.json
US,uniform,stationary,100,0.0,2,formal,100,0,22260931,132,38933,data/US/n100/dod0/replica2.json
US,uniform,stationary,100,0.0,3,formal,100,0,22261031,73,38937,data/US/n100/dod0/replica3.json
US,uniform,stationary,100,0.0,4,formal,100,0,22261131,55,38955,data/US/n100/dod0/replica4.json
US,uniform,stationary,100,0.0,5,extra5,100,0,122265731,34,38946,data/US/n100/dod0/replica5.json
US,uniform,stationary,100,0.0,6,extra5,100,0,122266731,112,38947,data/US/n100/dod0/replica6.json
US,uniform,stationary,100,0.0,7,extra5,100,0,122267731,93,38944,data/US/n100/dod0/replica7.json
US,uniform,stationary,100,0.0,8,extra5,100,0,122268731,149,38926,data/US/n100/dod0/replica8.json
US,uniform,stationary,100,0.0,9,extra5,100,0,122269731,112,38934,data/US/n100/dod0/replica9.json
US,uniform,stationary,100,0.2,0,formal,100,20,22270731,36,38938,data/US/n100/dod20/replica0.json
US,uniform,stationary,100,0.2,1,formal,100,20,22270831,34,38954,data/US/n100/dod20/replica1.json
US,uniform,stationary,100,0.2,2,formal,100,20,22270931,31,38963,data/US/n100/dod20/replica2.json
US,uniform,stationary,100,0.2,3,formal,100,20,22271031,44,38967,data/US/n100/dod20/replica3.json
US,uniform,stationary,100,0.2,4,formal,100,20,22271131,30,38945,data/US/n100/dod20/replica4.json
US,uniform,stationary,100,0.2,5,extra5,100,20,122275731,31,38971,data/US/n100/dod20/replica5.json
US,uniform,stationary,100,0.2,6,extra5,100,20,122276731,23,38946,data/US/n100/dod20/replica6.json
US,uniform,stationary,100,0.2,7,extra5,100,20,122277731,47,38951,data/US/n100/dod20/replica7.json
US,uniform,stationary,100,0.2,8,extra5,100,20,122278731,41,38971,data/US/n100/dod20/replica8.json
US,uniform,stationary,100,0.2,9,extra5,100,20,122279731,36,38957,data/US/n100/dod20/replica9.json
US,uniform,stationary,100,0.5,0,formal,100,50,22280731,34,38950,data/US/n100/dod50/replica0.json
US,uniform,stationary,100,0.5,1,formal,100,50,22280831,41,38973,data/US/n100/dod50/replica1.json
US,uniform,stationary,100,0.5,2,formal,100,50,22280931,26,38926,data/US/n100/dod50/replica2.json
US,uniform,stationary,100,0.5,3,formal,100,50,22281031,41,38959,data/US/n100/dod50/replica3.json
US,uniform,stationary,100,0.5,4,formal,100,50,22281131,29,38970,data/US/n100/dod50/replica4.json
US,uniform,stationary,100,0.5,5,extra5,100,50,122285731,31,38948,data/US/n100/dod50/replica5.json
US,uniform,stationary,100,0.5,6,extra5,100,50,122286731,41,38963,data/US/n100/dod50/replica6.json
US,uniform,stationary,100,0.5,7,extra5,100,50,122287731,33,38936,data/US/n100/dod50/replica7.json
US,uniform,stationary,100,0.5,8,extra5,100,50,122288731,41,38985,data/US/n100/dod50/replica8.json
US,uniform,stationary,100,0.5,9,extra5,100,50,122289731,29,38932,data/US/n100/dod50/replica9.json
US,uniform,stationary,100,0.8,0,formal,100,80,22290731,20,38966,data/US/n100/dod80/replica0.json
US,uniform,stationary,100,0.8,1,formal,100,80,22290831,25,38935,data/US/n100/dod80/replica1.json
US,uniform,stationary,100,0.8,2,formal,100,80,22290931,15,38982,data/US/n100/dod80/replica2.json
US,uniform,stationary,100,0.8,3,formal,100,80,22291031,20,38978,data/US/n100/dod80/replica3.json
US,uniform,stationary,100,0.8,4,formal,100,80,22291131,20,38989,data/US/n100/dod80/replica4.json
US,uniform,stationary,100,0.8,5,extra5,100,80,122295731,14,38977,data/US/n100/dod80/replica5.json
US,uniform,stationary,100,0.8,6,extra5,100,80,122296731,25,39003,data/US/n100/dod80/replica6.json
US,uniform,stationary,100,0.8,7,extra5,100,80,122297731,8,38972,data/US/n100/dod80/replica7.json
US,uniform,stationary,100,0.8,8,extra5,100,80,122298731,6,38973,data/US/n100/dod80/replica8.json
US,uniform,stationary,100,0.8,9,extra5,100,80,122299731,22,38941,data/US/n100/dod80/replica9.json
US,uniform,stationary,100,0.9,0,formal,100,90,22300731,23,38982,data/US/n100/dod90/replica0.json
US,uniform,stationary,100,0.9,1,formal,100,90,22300832,26,38959,data/US/n100/dod90/replica1.json
US,uniform,stationary,100,0.9,2,formal,100,90,22300931,6,38990,data/US/n100/dod90/replica2.json
US,uniform,stationary,100,0.9,3,formal,100,90,22301031,13,38967,data/US/n100/dod90/replica3.json
US,uniform,stationary,100,0.9,4,formal,100,90,22301131,25,38999,data/US/n100/dod90/replica4.json
US,uniform,stationary,100,0.9,5,extra5,100,90,122305731,10,38966,data/US/n100/dod90/replica5.json
US,uniform,stationary,100,0.9,6,extra5,100,90,122306731,5,38983,data/US/n100/dod90/replica6.json
US,uniform,stationary,100,0.9,7,extra5,100,90,122307731,19,38970,data/US/n100/dod90/replica7.json
US,uniform,stationary,100,0.9,8,extra5,100,90,122308731,24,38931,data/US/n100/dod90/replica8.json
US,uniform,stationary,100,0.9,9,extra5,100,90,122309731,8,38978,data/US/n100/dod90/replica9.json
US,uniform,stationary,100,0.95,0,formal,100,95,22310731,16,38939,data/US/n100/dod95/replica0.json
US,uniform,stationary,100,0.95,1,formal,100,95,22310831,0,39003,data/US/n100/dod95/replica1.json
US,uniform,stationary,100,0.95,2,formal,100,95,22310931,3,38944,data/US/n100/dod95/replica2.json
US,uniform,stationary,100,0.95,3,formal,100,95,22311031,26,38957,data/US/n100/dod95/replica3.json
US,uniform,stationary,100,0.95,4,formal,100,95,22311131,24,38943,data/US/n100/dod95/replica4.json
US,uniform,stationary,100,0.95,5,extra5,100,95,122315731,16,38973,data/US/n100/dod95/replica5.json
US,uniform,stationary,100,0.95,6,extra5,100,95,122316731,17,38958,data/US/n100/dod95/replica6.json
US,uniform,stationary,100,0.95,7,extra5,100,95,122317731,22,38960,data/US/n100/dod95/replica7.json
US,uniform,stationary,100,0.95,8,extra5,100,95,122318731,29,38968,data/US/n100/dod95/replica8.json
US,uniform,stationary,100,0.95,9,extra5,100,95,122319731,18,39009,data/US/n100/dod95/replica9.json
US,uniform,stationary,200,0.0,0,formal,200,0,23260731,37,74945,data/US/n200/dod0/replica0.json
US,uniform,stationary,200,0.0,1,formal,200,0,23260831,91,74939,data/US/n200/dod0/replica1.json
US,uniform,stationary,200,0.0,2,formal,200,0,23260931,34,74934,data/US/n200/dod0/replica2.json
US,uniform,stationary,200,0.0,3,formal,200,0,23261031,62,74955,data/US/n200/dod0/replica3.json
US,uniform,stationary,200,0.0,4,formal,200,0,23261131,30,74944,data/US/n200/dod0/replica4.json
US,uniform,stationary,200,0.0,5,extra5,200,0,123265731,63,74904,data/US/n200/dod0/replica5.json
US,uniform,stationary,200,0.0,6,extra5,200,0,123266731,12,74920,data/US/n200/dod0/replica6.json
US,uniform,stationary,200,0.0,7,extra5,200,0,123267731,47,74957,data/US/n200/dod0/replica7.json
US,uniform,stationary,200,0.0,8,extra5,200,0,123268731,62,74929,data/US/n200/dod0/replica8.json
US,uniform,stationary,200,0.0,9,extra5,200,0,123269731,60,74911,data/US/n200/dod0/replica9.json
US,uniform,stationary,200,0.2,0,formal,200,40,320260732,16,74937,data/US/n200/dod20/replica0.json
US,uniform,stationary,200,0.2,1,formal,200,40,23270831,0,74946,data/US/n200/dod20/replica1.json
US,uniform,stationary,200,0.2,2,formal,200,40,23270931,19,74931,data/US/n200/dod20/replica2.json
US,uniform,stationary,200,0.2,3,formal,200,40,321260731,18,74961,data/US/n200/dod20/replica3.json
US,uniform,stationary,200,0.2,4,formal,200,40,322260731,5,74964,data/US/n200/dod20/replica4.json
US,uniform,stationary,200,0.2,5,extra5,200,40,123275731,24,74963,data/US/n200/dod20/replica5.json
US,uniform,stationary,200,0.2,6,extra5,200,40,123276731,23,74935,data/US/n200/dod20/replica6.json
US,uniform,stationary,200,0.2,7,extra5,200,40,123277731,22,74972,data/US/n200/dod20/replica7.json
US,uniform,stationary,200,0.2,8,extra5,200,40,123278731,3,74953,data/US/n200/dod20/replica8.json
US,uniform,stationary,200,0.2,9,extra5,200,40,123279731,11,74987,data/US/n200/dod20/replica9.json
US,uniform,stationary,200,0.5,0,formal,200,100,23280731,10,74962,data/US/n200/dod50/replica0.json
US,uniform,stationary,200,0.5,1,formal,200,100,23280831,6,74988,data/US/n200/dod50/replica1.json
US,uniform,stationary,200,0.5,2,formal,200,100,323260732,22,74987,data/US/n200/dod50/replica2.json
US,uniform,stationary,200,0.5,3,formal,200,100,23281031,6,74989,data/US/n200/dod50/replica3.json
US,uniform,stationary,200,0.5,4,formal,200,100,23281131,8,74935,data/US/n200/dod50/replica4.json
US,uniform,stationary,200,0.5,5,extra5,200,100,123285732,3,74985,data/US/n200/dod50/replica5.json
US,uniform,stationary,200,0.5,6,extra5,200,100,123286733,10,74941,data/US/n200/dod50/replica6.json
US,uniform,stationary,200,0.5,7,extra5,200,100,123287732,9,74951,data/US/n200/dod50/replica7.json
US,uniform,stationary,200,0.5,8,extra5,200,100,123288731,11,74965,data/US/n200/dod50/replica8.json
US,uniform,stationary,200,0.5,9,extra5,200,100,123289732,4,74985,data/US/n200/dod50/replica9.json
US,uniform,stationary,200,0.8,0,formal,200,160,23290731,2,74992,data/US/n200/dod80/replica0.json
US,uniform,stationary,200,0.8,1,formal,200,160,23290831,1,74992,data/US/n200/dod80/replica1.json
US,uniform,stationary,200,0.8,2,formal,200,160,23290931,3,75024,data/US/n200/dod80/replica2.json
US,uniform,stationary,200,0.8,3,formal,200,160,23291031,10,75007,data/US/n200/dod80/replica3.json
US,uniform,stationary,200,0.8,4,formal,200,160,23291132,7,74956,data/US/n200/dod80/replica4.json
US,uniform,stationary,200,0.8,5,extra5,200,160,123295736,10,74962,data/US/n200/dod80/replica5.json
US,uniform,stationary,200,0.8,6,extra5,200,160,123296731,3,74981,data/US/n200/dod80/replica6.json
US,uniform,stationary,200,0.8,7,extra5,200,160,123297734,16,74987,data/US/n200/dod80/replica7.json
US,uniform,stationary,200,0.8,8,extra5,200,160,123298731,8,74993,data/US/n200/dod80/replica8.json
US,uniform,stationary,200,0.8,9,extra5,200,160,123299731,1,74945,data/US/n200/dod80/replica9.json
US,uniform,stationary,200,0.9,0,formal,200,180,23300733,5,74961,data/US/n200/dod90/replica0.json
US,uniform,stationary,200,0.9,1,formal,200,180,23300833,4,74959,data/US/n200/dod90/replica1.json
US,uniform,stationary,200,0.9,2,formal,200,180,23300932,6,74948,data/US/n200/dod90/replica2.json
US,uniform,stationary,200,0.9,3,formal,200,180,23301034,4,75011,data/US/n200/dod90/replica3.json
US,uniform,stationary,200,0.9,4,formal,200,180,23301131,0,75004,data/US/n200/dod90/replica4.json
US,uniform,stationary,200,0.9,5,extra5,200,180,123305734,0,74958,data/US/n200/dod90/replica5.json
US,uniform,stationary,200,0.9,6,extra5,200,180,123306734,18,74993,data/US/n200/dod90/replica6.json
US,uniform,stationary,200,0.9,7,extra5,200,180,123307732,5,74996,data/US/n200/dod90/replica7.json
US,uniform,stationary,200,0.9,8,extra5,200,180,123308731,9,74956,data/US/n200/dod90/replica8.json
US,uniform,stationary,200,0.9,9,extra5,200,180,123309734,8,74985,data/US/n200/dod90/replica9.json
US,uniform,stationary,200,0.95,0,formal,200,190,23310731,2,74962,data/US/n200/dod95/replica0.json
US,uniform,stationary,200,0.95,1,formal,200,190,23310831,2,75005,data/US/n200/dod95/replica1.json
US,uniform,stationary,200,0.95,2,formal,200,190,23310931,11,74996,data/US/n200/dod95/replica2.json
US,uniform,stationary,200,0.95,3,formal,200,190,23311033,1,74998,data/US/n200/dod95/replica3.json
US,uniform,stationary,200,0.95,4,formal,200,190,23311131,15,75001,data/US/n200/dod95/replica4.json
US,uniform,stationary,200,0.95,5,extra5,200,190,123315732,6,74979,data/US/n200/dod95/replica5.json
US,uniform,stationary,200,0.95,6,extra5,200,190,123316732,3,75014,data/US/n200/dod95/replica6.json
US,uniform,stationary,200,0.95,7,extra5,200,190,123317731,18,74992,data/US/n200/dod95/replica7.json
US,uniform,stationary,200,0.95,8,extra5,200,190,123318731,4,74963,data/US/n200/dod95/replica8.json
US,uniform,stationary,200,0.95,9,extra5,200,190,123319733,20,75025,data/US/n200/dod95/replica9.json
US,uniform,stationary,500,0.0,0,formal,500,0,24260731,31,183031,data/US/n500/dod0/replica0.json
US,uniform,stationary,500,0.0,1,formal,500,0,24260831,18,182963,data/US/n500/dod0/replica1.json
US,uniform,stationary,500,0.0,2,formal,500,0,24260931,27,183012,data/US/n500/dod0/replica2.json
US,uniform,stationary,500,0.0,3,formal,500,0,24261031,40,182969,data/US/n500/dod0/replica3.json
US,uniform,stationary,500,0.0,4,formal,500,0,24261131,45,182977,data/US/n500/dod0/replica4.json
US,uniform,stationary,500,0.0,5,extra5,500,0,124265731,51,182991,data/US/n500/dod0/replica5.json
US,uniform,stationary,500,0.0,6,extra5,500,0,124266731,52,182995,data/US/n500/dod0/replica6.json
US,uniform,stationary,500,0.0,7,extra5,500,0,124267731,51,183032,data/US/n500/dod0/replica7.json
US,uniform,stationary,500,0.0,8,extra5,500,0,124268731,34,182979,data/US/n500/dod0/replica8.json
US,uniform,stationary,500,0.0,9,extra5,500,0,124269731,41,182944,data/US/n500/dod0/replica9.json
US,uniform,stationary,500,0.2,0,formal,500,100,24270731,12,183035,data/US/n500/dod20/replica0.json
US,uniform,stationary,500,0.2,1,formal,500,100,24270833,6,182992,data/US/n500/dod20/replica1.json
US,uniform,stationary,500,0.2,2,formal,500,100,24270931,28,183058,data/US/n500/dod20/replica2.json
US,uniform,stationary,500,0.2,3,formal,500,100,24271031,15,183027,data/US/n500/dod20/replica3.json
US,uniform,stationary,500,0.2,4,formal,500,100,24271132,5,183078,data/US/n500/dod20/replica4.json
US,uniform,stationary,500,0.2,5,extra5,500,100,124275733,8,183071,data/US/n500/dod20/replica5.json
US,uniform,stationary,500,0.2,6,extra5,500,100,124276732,9,182970,data/US/n500/dod20/replica6.json
US,uniform,stationary,500,0.2,7,extra5,500,100,124277735,7,183075,data/US/n500/dod20/replica7.json
US,uniform,stationary,500,0.2,8,extra5,500,100,124278731,1,183070,data/US/n500/dod20/replica8.json
US,uniform,stationary,500,0.2,9,extra5,500,100,124279732,18,183002,data/US/n500/dod20/replica9.json
US,uniform,stationary,500,0.5,0,formal,500,250,24280741,2,183096,data/US/n500/dod50/replica0.json
US,uniform,stationary,500,0.5,1,formal,500,250,24280833,6,183050,data/US/n500/dod50/replica1.json
US,uniform,stationary,500,0.5,2,formal,500,250,24280936,0,182976,data/US/n500/dod50/replica2.json
US,uniform,stationary,500,0.5,3,formal,500,250,24281039,3,183014,data/US/n500/dod50/replica3.json
US,uniform,stationary,500,0.5,4,formal,500,250,24281138,2,183061,data/US/n500/dod50/replica4.json
US,uniform,stationary,500,0.5,5,extra5,500,250,124285735,3,183082,data/US/n500/dod50/replica5.json
US,uniform,stationary,500,0.5,6,extra5,500,250,124286744,2,183019,data/US/n500/dod50/replica6.json
US,uniform,stationary,500,0.5,7,extra5,500,250,124287732,3,183099,data/US/n500/dod50/replica7.json
US,uniform,stationary,500,0.5,8,extra5,500,250,124288738,1,183096,data/US/n500/dod50/replica8.json
US,uniform,stationary,500,0.5,9,extra5,500,250,124289732,2,183086,data/US/n500/dod50/replica9.json
US,uniform,stationary,500,0.8,0,formal,500,400,24290752,1,183127,data/US/n500/dod80/replica0.json
US,uniform,stationary,500,0.8,1,formal,500,400,24290848,2,183194,data/US/n500/dod80/replica1.json
US,uniform,stationary,500,0.8,2,formal,500,400,324260745,0,183060,data/US/n500/dod80/replica2.json
US,uniform,stationary,500,0.8,3,formal,500,400,24291056,4,183152,data/US/n500/dod80/replica3.json
US,uniform,stationary,500,0.8,4,formal,500,400,24291220,1,183139,data/US/n500/dod80/replica4.json
US,uniform,stationary,500,0.8,5,extra5,500,400,124295743,2,183136,data/US/n500/dod80/replica5.json
US,uniform,stationary,500,0.8,6,extra5,500,400,124296758,1,183234,data/US/n500/dod80/replica6.json
US,uniform,stationary,500,0.8,7,extra5,500,400,124297790,3,183101,data/US/n500/dod80/replica7.json
US,uniform,stationary,500,0.8,8,extra5,500,400,124298798,0,183135,data/US/n500/dod80/replica8.json
US,uniform,stationary,500,0.8,9,extra5,500,400,124299750,8,183132,data/US/n500/dod80/replica9.json
US,uniform,stationary,500,0.9,0,formal,500,450,24300837,3,183149,data/US/n500/dod90/replica0.json
US,uniform,stationary,500,0.9,1,formal,500,450,24300837,3,183149,data/US/n500/dod90/replica1.json
US,uniform,stationary,500,0.9,2,formal,500,450,24300949,0,183142,data/US/n500/dod90/replica2.json
US,uniform,stationary,500,0.9,3,formal,500,450,24301049,2,183208,data/US/n500/dod90/replica3.json
US,uniform,stationary,500,0.9,4,formal,500,450,24301143,0,183169,data/US/n500/dod90/replica4.json
US,uniform,stationary,500,0.9,5,extra5,500,450,124305743,1,183133,data/US/n500/dod90/replica5.json
US,uniform,stationary,500,0.9,6,extra5,500,450,124306733,5,183205,data/US/n500/dod90/replica6.json
US,uniform,stationary,500,0.9,7,extra5,500,450,124307777,3,183164,data/US/n500/dod90/replica7.json
US,uniform,stationary,500,0.9,8,extra5,500,450,124308733,0,183110,data/US/n500/dod90/replica8.json
US,uniform,stationary,500,0.9,9,extra5,500,450,124309751,0,183174,data/US/n500/dod90/replica9.json
US,uniform,stationary,500,0.95,0,formal,500,475,24310774,2,183176,data/US/n500/dod95/replica0.json
US,uniform,stationary,500,0.95,1,formal,500,475,24310858,4,183130,data/US/n500/dod95/replica1.json
US,uniform,stationary,500,0.95,2,formal,500,475,24310933,3,183129,data/US/n500/dod95/replica2.json
US,uniform,stationary,500,0.95,3,formal,500,475,24311056,7,183094,data/US/n500/dod95/replica3.json
US,uniform,stationary,500,0.95,4,formal,500,475,24311173,0,183038,data/US/n500/dod95/replica4.json
US,uniform,stationary,500,0.95,5,extra5,500,475,124315737,2,183102,data/US/n500/dod95/replica5.json
US,uniform,stationary,500,0.95,6,extra5,500,475,124316757,0,183113,data/US/n500/dod95/replica6.json
US,uniform,stationary,500,0.95,7,extra5,500,475,124317744,3,183146,data/US/n500/dod95/replica7.json
US,uniform,stationary,500,0.95,8,extra5,500,475,124318737,0,183081,data/US/n500/dod95/replica8.json
US,uniform,stationary,500,0.95,9,extra5,500,475,124319755,5,183150,data/US/n500/dod95/replica9.json
UV,uniform,time_varying,20,0.0,0,formal,20,0,20260731,178,10426,data/UV/n20/dod0/replica0.json
UV,uniform,time_varying,20,0.0,1,formal,20,0,20260831,153,10424,data/UV/n20/dod0/replica1.json
UV,uniform,time_varying,20,0.0,2,formal,20,0,20260931,268,10431,data/UV/n20/dod0/replica2.json
UV,uniform,time_varying,20,0.0,3,formal,20,0,20261031,104,10431,data/UV/n20/dod0/replica3.json
UV,uniform,time_varying,20,0.0,4,formal,20,0,20261131,68,10423,data/UV/n20/dod0/replica4.json
UV,uniform,time_varying,20,0.0,5,extra5,20,0,120265731,172,10431,data/UV/n20/dod0/replica5.json
UV,uniform,time_varying,20,0.0,6,extra5,20,0,120266731,71,10421,data/UV/n20/dod0/replica6.json
UV,uniform,time_varying,20,0.0,7,extra5,20,0,120267731,124,10421,data/UV/n20/dod0/replica7.json
UV,uniform,time_varying,20,0.0,8,extra5,20,0,120268731,84,10416,data/UV/n20/dod0/replica8.json
UV,uniform,time_varying,20,0.0,9,extra5,20,0,120269731,100,10425,data/UV/n20/dod0/replica9.json
UV,uniform,time_varying,20,0.2,0,formal,20,4,20270731,56,10438,data/UV/n20/dod20/replica0.json
UV,uniform,time_varying,20,0.2,1,formal,20,4,20270831,68,10436,data/UV/n20/dod20/replica1.json
UV,uniform,time_varying,20,0.2,2,formal,20,4,20270931,52,10446,data/UV/n20/dod20/replica2.json
UV,uniform,time_varying,20,0.2,3,formal,20,4,20271031,66,10432,data/UV/n20/dod20/replica3.json
UV,uniform,time_varying,20,0.2,4,formal,20,4,20271131,98,10433,data/UV/n20/dod20/replica4.json
UV,uniform,time_varying,20,0.2,5,extra5,20,4,120275731,80,10436,data/UV/n20/dod20/replica5.json
UV,uniform,time_varying,20,0.2,6,extra5,20,4,120276731,26,10427,data/UV/n20/dod20/replica6.json
UV,uniform,time_varying,20,0.2,7,extra5,20,4,120277731,70,10430,data/UV/n20/dod20/replica7.json
UV,uniform,time_varying,20,0.2,8,extra5,20,4,120278731,58,10439,data/UV/n20/dod20/replica8.json
UV,uniform,time_varying,20,0.2,9,extra5,20,4,120279731,26,10435,data/UV/n20/dod20/replica9.json
UV,uniform,time_varying,20,0.5,0,formal,20,10,20280731,44,10446,data/UV/n20/dod50/replica0.json
UV,uniform,time_varying,20,0.5,1,formal,20,10,20280831,31,10428,data/UV/n20/dod50/replica1.json
UV,uniform,time_varying,20,0.5,2,formal,20,10,20280931,66,10444,data/UV/n20/dod50/replica2.json
UV,uniform,time_varying,20,0.5,3,formal,20,10,20281031,34,10434,data/UV/n20/dod50/replica3.json
UV,uniform,time_varying,20,0.5,4,formal,20,10,20281131,56,10430,data/UV/n20/dod50/replica4.json
UV,uniform,time_varying,20,0.5,5,extra5,20,10,120285731,33,10433,data/UV/n20/dod50/replica5.json
UV,uniform,time_varying,20,0.5,6,extra5,20,10,120286731,56,10444,data/UV/n20/dod50/replica6.json
UV,uniform,time_varying,20,0.5,7,extra5,20,10,120287731,53,10432,data/UV/n20/dod50/replica7.json
UV,uniform,time_varying,20,0.5,8,extra5,20,10,120288731,31,10439,data/UV/n20/dod50/replica8.json
UV,uniform,time_varying,20,0.5,9,extra5,20,10,120289731,31,10447,data/UV/n20/dod50/replica9.json
UV,uniform,time_varying,20,0.8,0,formal,20,16,20290731,20,10464,data/UV/n20/dod80/replica0.json
UV,uniform,time_varying,20,0.8,1,formal,20,16,20290831,13,10419,data/UV/n20/dod80/replica1.json
UV,uniform,time_varying,20,0.8,2,formal,20,16,20290931,56,10452,data/UV/n20/dod80/replica2.json
UV,uniform,time_varying,20,0.8,3,formal,20,16,20291031,52,10430,data/UV/n20/dod80/replica3.json
UV,uniform,time_varying,20,0.8,4,formal,20,16,20291131,39,10434,data/UV/n20/dod80/replica4.json
UV,uniform,time_varying,20,0.8,5,extra5,20,16,120295731,81,10447,data/UV/n20/dod80/replica5.json
UV,uniform,time_varying,20,0.8,6,extra5,20,16,120296731,22,10437,data/UV/n20/dod80/replica6.json
UV,uniform,time_varying,20,0.8,7,extra5,20,16,120297731,32,10435,data/UV/n20/dod80/replica7.json
UV,uniform,time_varying,20,0.8,8,extra5,20,16,120298731,39,10444,data/UV/n20/dod80/replica8.json
UV,uniform,time_varying,20,0.8,9,extra5,20,16,120299731,25,10441,data/UV/n20/dod80/replica9.json
UV,uniform,time_varying,20,0.9,0,formal,20,18,20300732,29,10433,data/UV/n20/dod90/replica0.json
UV,uniform,time_varying,20,0.9,1,formal,20,18,20300831,28,10435,data/UV/n20/dod90/replica1.json
UV,uniform,time_varying,20,0.9,2,formal,20,18,20300931,11,10449,data/UV/n20/dod90/replica2.json
UV,uniform,time_varying,20,0.9,3,formal,20,18,20301031,4,10425,data/UV/n20/dod90/replica3.json
UV,uniform,time_varying,20,0.9,4,formal,20,18,20301131,57,10444,data/UV/n20/dod90/replica4.json
UV,uniform,time_varying,20,0.9,5,extra5,20,18,120305731,29,10429,data/UV/n20/dod90/replica5.json
UV,uniform,time_varying,20,0.9,6,extra5,20,18,120306731,31,10437,data/UV/n20/dod90/replica6.json
UV,uniform,time_varying,20,0.9,7,extra5,20,18,120307731,39,10442,data/UV/n20/dod90/replica7.json
UV,uniform,time_varying,20,0.9,8,extra5,20,18,120308731,50,10438,data/UV/n20/dod90/replica8.json
UV,uniform,time_varying,20,0.9,9,extra5,20,18,120309731,44,10450,data/UV/n20/dod90/replica9.json
UV,uniform,time_varying,20,0.95,0,formal,20,19,20310731,48,10435,data/UV/n20/dod95/replica0.json
UV,uniform,time_varying,20,0.95,1,formal,20,19,20310831,51,10418,data/UV/n20/dod95/replica1.json
UV,uniform,time_varying,20,0.95,2,formal,20,19,20310931,49,10428,data/UV/n20/dod95/replica2.json
UV,uniform,time_varying,20,0.95,3,formal,20,19,20311031,28,10447,data/UV/n20/dod95/replica3.json
UV,uniform,time_varying,20,0.95,4,formal,20,19,20311131,12,10445,data/UV/n20/dod95/replica4.json
UV,uniform,time_varying,20,0.95,5,extra5,20,19,120315731,47,10446,data/UV/n20/dod95/replica5.json
UV,uniform,time_varying,20,0.95,6,extra5,20,19,120316731,25,10423,data/UV/n20/dod95/replica6.json
UV,uniform,time_varying,20,0.95,7,extra5,20,19,120317731,21,10453,data/UV/n20/dod95/replica7.json
UV,uniform,time_varying,20,0.95,8,extra5,20,19,120318731,73,10443,data/UV/n20/dod95/replica8.json
UV,uniform,time_varying,20,0.95,9,extra5,20,19,120319731,34,10428,data/UV/n20/dod95/replica9.json
UV,uniform,time_varying,50,0.0,0,formal,50,0,21260731,80,21107,data/UV/n50/dod0/replica0.json
UV,uniform,time_varying,50,0.0,1,formal,50,0,21260831,178,21113,data/UV/n50/dod0/replica1.json
UV,uniform,time_varying,50,0.0,2,formal,50,0,21260931,111,21120,data/UV/n50/dod0/replica2.json
UV,uniform,time_varying,50,0.0,3,formal,50,0,21261031,118,21126,data/UV/n50/dod0/replica3.json
UV,uniform,time_varying,50,0.0,4,formal,50,0,21261131,92,21109,data/UV/n50/dod0/replica4.json
UV,uniform,time_varying,50,0.0,5,extra5,50,0,121265731,123,21126,data/UV/n50/dod0/replica5.json
UV,uniform,time_varying,50,0.0,6,extra5,50,0,121266731,82,21118,data/UV/n50/dod0/replica6.json
UV,uniform,time_varying,50,0.0,7,extra5,50,0,121267731,102,21125,data/UV/n50/dod0/replica7.json
UV,uniform,time_varying,50,0.0,8,extra5,50,0,121268731,108,21122,data/UV/n50/dod0/replica8.json
UV,uniform,time_varying,50,0.0,9,extra5,50,0,121269731,97,21106,data/UV/n50/dod0/replica9.json
UV,uniform,time_varying,50,0.2,0,formal,50,10,21270731,72,21140,data/UV/n50/dod20/replica0.json
UV,uniform,time_varying,50,0.2,1,formal,50,10,21270831,60,21145,data/UV/n50/dod20/replica1.json
UV,uniform,time_varying,50,0.2,2,formal,50,10,21270932,51,21150,data/UV/n50/dod20/replica2.json
UV,uniform,time_varying,50,0.2,3,formal,50,10,21271031,52,21133,data/UV/n50/dod20/replica3.json
UV,uniform,time_varying,50,0.2,4,formal,50,10,21271131,56,21142,data/UV/n50/dod20/replica4.json
UV,uniform,time_varying,50,0.2,5,extra5,50,10,121275731,13,21143,data/UV/n50/dod20/replica5.json
UV,uniform,time_varying,50,0.2,6,extra5,50,10,121276731,31,21144,data/UV/n50/dod20/replica6.json
UV,uniform,time_varying,50,0.2,7,extra5,50,10,121277731,39,21141,data/UV/n50/dod20/replica7.json
UV,uniform,time_varying,50,0.2,8,extra5,50,10,121278731,49,21124,data/UV/n50/dod20/replica8.json
UV,uniform,time_varying,50,0.2,9,extra5,50,10,121279731,30,21143,data/UV/n50/dod20/replica9.json
UV,uniform,time_varying,50,0.5,0,formal,50,25,21280731,36,21126,data/UV/n50/dod50/replica0.json
UV,uniform,time_varying,50,0.5,1,formal,50,25,21280831,29,21139,data/UV/n50/dod50/replica1.json
UV,uniform,time_varying,50,0.5,2,formal,50,25,21280931,46,21135,data/UV/n50/dod50/replica2.json
UV,uniform,time_varying,50,0.5,3,formal,50,25,21281031,16,21137,data/UV/n50/dod50/replica3.json
UV,uniform,time_varying,50,0.5,4,formal,50,25,21281131,35,21145,data/UV/n50/dod50/replica4.json
UV,uniform,time_varying,50,0.5,5,extra5,50,25,121285731,5,21130,data/UV/n50/dod50/replica5.json
UV,uniform,time_varying,50,0.5,6,extra5,50,25,121286731,17,21139,data/UV/n50/dod50/replica6.json
UV,uniform,time_varying,50,0.5,7,extra5,50,25,121287731,47,21153,data/UV/n50/dod50/replica7.json
UV,uniform,time_varying,50,0.5,8,extra5,50,25,121288731,23,21136,data/UV/n50/dod50/replica8.json
UV,uniform,time_varying,50,0.5,9,extra5,50,25,121289731,40,21140,data/UV/n50/dod50/replica9.json
UV,uniform,time_varying,50,0.8,0,formal,50,40,21290731,26,21131,data/UV/n50/dod80/replica0.json
UV,uniform,time_varying,50,0.8,1,formal,50,40,21290831,18,21137,data/UV/n50/dod80/replica1.json
UV,uniform,time_varying,50,0.8,2,formal,50,40,21290931,1,21142,data/UV/n50/dod80/replica2.json
UV,uniform,time_varying,50,0.8,3,formal,50,40,21291031,43,21160,data/UV/n50/dod80/replica3.json
UV,uniform,time_varying,50,0.8,4,formal,50,40,21291131,24,21165,data/UV/n50/dod80/replica4.json
UV,uniform,time_varying,50,0.8,5,extra5,50,40,121295731,8,21153,data/UV/n50/dod80/replica5.json
UV,uniform,time_varying,50,0.8,6,extra5,50,40,121296731,7,21157,data/UV/n50/dod80/replica6.json
UV,uniform,time_varying,50,0.8,7,extra5,50,40,121297731,62,21129,data/UV/n50/dod80/replica7.json
UV,uniform,time_varying,50,0.8,8,extra5,50,40,121298731,26,21125,data/UV/n50/dod80/replica8.json
UV,uniform,time_varying,50,0.8,9,extra5,50,40,121299731,49,21162,data/UV/n50/dod80/replica9.json
UV,uniform,time_varying,50,0.9,0,formal,50,45,21300731,14,21140,data/UV/n50/dod90/replica0.json
UV,uniform,time_varying,50,0.9,1,formal,50,45,21300831,7,21128,data/UV/n50/dod90/replica1.json
UV,uniform,time_varying,50,0.9,2,formal,50,45,21300931,22,21148,data/UV/n50/dod90/replica2.json
UV,uniform,time_varying,50,0.9,3,formal,50,45,21301031,43,21155,data/UV/n50/dod90/replica3.json
UV,uniform,time_varying,50,0.9,4,formal,50,45,21301131,30,21142,data/UV/n50/dod90/replica4.json
UV,uniform,time_varying,50,0.9,5,extra5,50,45,121305731,47,21152,data/UV/n50/dod90/replica5.json
UV,uniform,time_varying,50,0.9,6,extra5,50,45,121306731,17,21118,data/UV/n50/dod90/replica6.json
UV,uniform,time_varying,50,0.9,7,extra5,50,45,121307731,1,21151,data/UV/n50/dod90/replica7.json
UV,uniform,time_varying,50,0.9,8,extra5,50,45,121308732,6,21122,data/UV/n50/dod90/replica8.json
UV,uniform,time_varying,50,0.9,9,extra5,50,45,121309731,46,21160,data/UV/n50/dod90/replica9.json
UV,uniform,time_varying,50,0.95,0,formal,50,47,21310731,12,21134,data/UV/n50/dod95/replica0.json
UV,uniform,time_varying,50,0.95,1,formal,50,47,21310831,1,21129,data/UV/n50/dod95/replica1.json
UV,uniform,time_varying,50,0.95,2,formal,50,47,21310931,43,21144,data/UV/n50/dod95/replica2.json
UV,uniform,time_varying,50,0.95,3,formal,50,47,21311031,51,21135,data/UV/n50/dod95/replica3.json
UV,uniform,time_varying,50,0.95,4,formal,50,47,21311131,9,21131,data/UV/n50/dod95/replica4.json
UV,uniform,time_varying,50,0.95,5,extra5,50,47,121315731,7,21136,data/UV/n50/dod95/replica5.json
UV,uniform,time_varying,50,0.95,6,extra5,50,47,121316731,18,21151,data/UV/n50/dod95/replica6.json
UV,uniform,time_varying,50,0.95,7,extra5,50,47,121317732,50,21133,data/UV/n50/dod95/replica7.json
UV,uniform,time_varying,50,0.95,8,extra5,50,47,121318731,33,21143,data/UV/n50/dod95/replica8.json
UV,uniform,time_varying,50,0.95,9,extra5,50,47,121319731,22,21165,data/UV/n50/dod95/replica9.json
UV,uniform,time_varying,100,0.0,0,formal,100,0,22260731,85,39004,data/UV/n100/dod0/replica0.json
UV,uniform,time_varying,100,0.0,1,formal,100,0,22260831,41,39022,data/UV/n100/dod0/replica1.json
UV,uniform,time_varying,100,0.0,2,formal,100,0,22260931,132,39029,data/UV/n100/dod0/replica2.json
UV,uniform,time_varying,100,0.0,3,formal,100,0,22261031,73,39033,data/UV/n100/dod0/replica3.json
UV,uniform,time_varying,100,0.0,4,formal,100,0,22261131,55,39051,data/UV/n100/dod0/replica4.json
UV,uniform,time_varying,100,0.0,5,extra5,100,0,122265731,34,39042,data/UV/n100/dod0/replica5.json
UV,uniform,time_varying,100,0.0,6,extra5,100,0,122266731,112,39043,data/UV/n100/dod0/replica6.json
UV,uniform,time_varying,100,0.0,7,extra5,100,0,122267731,93,39040,data/UV/n100/dod0/replica7.json
UV,uniform,time_varying,100,0.0,8,extra5,100,0,122268731,149,39022,data/UV/n100/dod0/replica8.json
UV,uniform,time_varying,100,0.0,9,extra5,100,0,122269731,112,39030,data/UV/n100/dod0/replica9.json
UV,uniform,time_varying,100,0.2,0,formal,100,20,22270731,43,39034,data/UV/n100/dod20/replica0.json
UV,uniform,time_varying,100,0.2,1,formal,100,20,22270831,3,39050,data/UV/n100/dod20/replica1.json
UV,uniform,time_varying,100,0.2,2,formal,100,20,22270931,44,39059,data/UV/n100/dod20/replica2.json
UV,uniform,time_varying,100,0.2,3,formal,100,20,22271031,43,39063,data/UV/n100/dod20/replica3.json
UV,uniform,time_varying,100,0.2,4,formal,100,20,22271131,30,39072,data/UV/n100/dod20/replica4.json
UV,uniform,time_varying,100,0.2,5,extra5,100,20,122275731,31,39095,data/UV/n100/dod20/replica5.json
UV,uniform,time_varying,100,0.2,6,extra5,100,20,122276731,23,39102,data/UV/n100/dod20/replica6.json
UV,uniform,time_varying,100,0.2,7,extra5,100,20,122277731,37,39048,data/UV/n100/dod20/replica7.json
UV,uniform,time_varying,100,0.2,8,extra5,100,20,122278731,49,39097,data/UV/n100/dod20/replica8.json
UV,uniform,time_varying,100,0.2,9,extra5,100,20,122279731,49,39083,data/UV/n100/dod20/replica9.json
UV,uniform,time_varying,100,0.5,0,formal,100,50,22280731,6,39140,data/UV/n100/dod50/replica0.json
UV,uniform,time_varying,100,0.5,1,formal,100,50,22280831,34,39128,data/UV/n100/dod50/replica1.json
UV,uniform,time_varying,100,0.5,2,formal,100,50,22280931,30,39084,data/UV/n100/dod50/replica2.json
UV,uniform,time_varying,100,0.5,3,formal,100,50,22281031,45,39149,data/UV/n100/dod50/replica3.json
UV,uniform,time_varying,100,0.5,4,formal,100,50,22281131,26,39158,data/UV/n100/dod50/replica4.json
UV,uniform,time_varying,100,0.5,5,extra5,100,50,122285731,31,39137,data/UV/n100/dod50/replica5.json
UV,uniform,time_varying,100,0.5,6,extra5,100,50,122286731,39,39153,data/UV/n100/dod50/replica6.json
UV,uniform,time_varying,100,0.5,7,extra5,100,50,122287731,38,39097,data/UV/n100/dod50/replica7.json
UV,uniform,time_varying,100,0.5,8,extra5,100,50,122288731,2,39111,data/UV/n100/dod50/replica8.json
UV,uniform,time_varying,100,0.5,9,extra5,100,50,122289731,27,39122,data/UV/n100/dod50/replica9.json
UV,uniform,time_varying,100,0.8,0,formal,100,80,22290733,28,39098,data/UV/n100/dod80/replica0.json
UV,uniform,time_varying,100,0.8,1,formal,100,80,22290831,34,39063,data/UV/n100/dod80/replica1.json
UV,uniform,time_varying,100,0.8,2,formal,100,80,22290931,12,39164,data/UV/n100/dod80/replica2.json
UV,uniform,time_varying,100,0.8,3,formal,100,80,22291031,30,39166,data/UV/n100/dod80/replica3.json
UV,uniform,time_varying,100,0.8,4,formal,100,80,22291131,20,39174,data/UV/n100/dod80/replica4.json
UV,uniform,time_varying,100,0.8,5,extra5,100,80,122295731,21,39165,data/UV/n100/dod80/replica5.json
UV,uniform,time_varying,100,0.8,6,extra5,100,80,122296731,30,39162,data/UV/n100/dod80/replica6.json
UV,uniform,time_varying,100,0.8,7,extra5,100,80,122297731,17,39190,data/UV/n100/dod80/replica7.json
UV,uniform,time_varying,100,0.8,8,extra5,100,80,122298731,43,39101,data/UV/n100/dod80/replica8.json
UV,uniform,time_varying,100,0.8,9,extra5,100,80,122299731,25,39129,data/UV/n100/dod80/replica9.json
UV,uniform,time_varying,100,0.9,0,formal,100,90,22300731,0,39169,data/UV/n100/dod90/replica0.json
UV,uniform,time_varying,100,0.9,1,formal,100,90,22300831,8,39107,data/UV/n100/dod90/replica1.json
UV,uniform,time_varying,100,0.9,2,formal,100,90,22300931,27,39179,data/UV/n100/dod90/replica2.json
UV,uniform,time_varying,100,0.9,3,formal,100,90,22301032,18,39121,data/UV/n100/dod90/replica3.json
UV,uniform,time_varying,100,0.9,4,formal,100,90,22301131,24,39183,data/UV/n100/dod90/replica4.json
UV,uniform,time_varying,100,0.9,5,extra5,100,90,122305731,4,39120,data/UV/n100/dod90/replica5.json
UV,uniform,time_varying,100,0.9,6,extra5,100,90,122306731,15,39198,data/UV/n100/dod90/replica6.json
UV,uniform,time_varying,100,0.9,7,extra5,100,90,122307733,29,39095,data/UV/n100/dod90/replica7.json
UV,uniform,time_varying,100,0.9,8,extra5,100,90,122308731,2,39057,data/UV/n100/dod90/replica8.json
UV,uniform,time_varying,100,0.9,9,extra5,100,90,122309731,16,39133,data/UV/n100/dod90/replica9.json
UV,uniform,time_varying,100,0.95,0,formal,100,95,22310731,20,39062,data/UV/n100/dod95/replica0.json
UV,uniform,time_varying,100,0.95,1,formal,100,95,22310831,20,39219,data/UV/n100/dod95/replica1.json
UV,uniform,time_varying,100,0.95,2,formal,100,95,22310931,22,39129,data/UV/n100/dod95/replica2.json
UV,uniform,time_varying,100,0.95,3,formal,100,95,22311031,18,39139,data/UV/n100/dod95/replica3.json
UV,uniform,time_varying,100,0.95,4,formal,100,95,22311131,32,39100,data/UV/n100/dod95/replica4.json
UV,uniform,time_varying,100,0.95,5,extra5,100,95,122315731,1,39131,data/UV/n100/dod95/replica5.json
UV,uniform,time_varying,100,0.95,6,extra5,100,95,122316731,14,39140,data/UV/n100/dod95/replica6.json
UV,uniform,time_varying,100,0.95,7,extra5,100,95,122317731,33,39111,data/UV/n100/dod95/replica7.json
UV,uniform,time_varying,100,0.95,8,extra5,100,95,122318731,34,39152,data/UV/n100/dod95/replica8.json
UV,uniform,time_varying,100,0.95,9,extra5,100,95,122319731,6,39194,data/UV/n100/dod95/replica9.json
UV,uniform,time_varying,200,0.0,0,formal,200,0,23260731,37,75041,data/UV/n200/dod0/replica0.json
UV,uniform,time_varying,200,0.0,1,formal,200,0,23260831,91,75035,data/UV/n200/dod0/replica1.json
UV,uniform,time_varying,200,0.0,2,formal,200,0,23260931,34,75030,data/UV/n200/dod0/replica2.json
UV,uniform,time_varying,200,0.0,3,formal,200,0,23261031,62,75051,data/UV/n200/dod0/replica3.json
UV,uniform,time_varying,200,0.0,4,formal,200,0,23261131,30,75040,data/UV/n200/dod0/replica4.json
UV,uniform,time_varying,200,0.0,5,extra5,200,0,123265731,63,75000,data/UV/n200/dod0/replica5.json
UV,uniform,time_varying,200,0.0,6,extra5,200,0,123266731,12,75016,data/UV/n200/dod0/replica6.json
UV,uniform,time_varying,200,0.0,7,extra5,200,0,123267731,47,75053,data/UV/n200/dod0/replica7.json
UV,uniform,time_varying,200,0.0,8,extra5,200,0,123268731,62,75025,data/UV/n200/dod0/replica8.json
UV,uniform,time_varying,200,0.0,9,extra5,200,0,123269731,60,75007,data/UV/n200/dod0/replica9.json
UV,uniform,time_varying,200,0.2,0,formal,200,40,23270731,13,75121,data/UV/n200/dod20/replica0.json
UV,uniform,time_varying,200,0.2,1,formal,200,40,23270831,21,75073,data/UV/n200/dod20/replica1.json
UV,uniform,time_varying,200,0.2,2,formal,200,40,23270931,0,75121,data/UV/n200/dod20/replica2.json
UV,uniform,time_varying,200,0.2,3,formal,200,40,23271031,14,75160,data/UV/n200/dod20/replica3.json
UV,uniform,time_varying,200,0.2,4,formal,200,40,23271132,8,75168,data/UV/n200/dod20/replica4.json
UV,uniform,time_varying,200,0.2,5,extra5,200,40,123275731,19,75092,data/UV/n200/dod20/replica5.json
UV,uniform,time_varying,200,0.2,6,extra5,200,40,123276731,20,75031,data/UV/n200/dod20/replica6.json
UV,uniform,time_varying,200,0.2,7,extra5,200,40,123277731,4,75130,data/UV/n200/dod20/replica7.json
UV,uniform,time_varying,200,0.2,8,extra5,200,40,123278731,18,75112,data/UV/n200/dod20/replica8.json
UV,uniform,time_varying,200,0.2,9,extra5,200,40,123279732,16,75185,data/UV/n200/dod20/replica9.json
UV,uniform,time_varying,200,0.5,0,formal,200,100,23280732,7,75133,data/UV/n200/dod50/replica0.json
UV,uniform,time_varying,200,0.5,1,formal,200,100,23280831,19,75179,data/UV/n200/dod50/replica1.json
UV,uniform,time_varying,200,0.5,2,formal,200,100,23280931,6,75170,data/UV/n200/dod50/replica2.json
UV,uniform,time_varying,200,0.5,3,formal,200,100,23281031,10,75206,data/UV/n200/dod50/replica3.json
UV,uniform,time_varying,200,0.5,4,formal,200,100,23281132,2,75107,data/UV/n200/dod50/replica4.json
UV,uniform,time_varying,200,0.5,5,extra5,200,100,123285731,3,75086,data/UV/n200/dod50/replica5.json
UV,uniform,time_varying,200,0.5,6,extra5,200,100,123286733,15,75156,data/UV/n200/dod50/replica6.json
UV,uniform,time_varying,200,0.5,7,extra5,200,100,123287733,0,75181,data/UV/n200/dod50/replica7.json
UV,uniform,time_varying,200,0.5,8,extra5,200,100,123288731,11,75153,data/UV/n200/dod50/replica8.json
UV,uniform,time_varying,200,0.5,9,extra5,200,100,123289732,21,75175,data/UV/n200/dod50/replica9.json
UV,uniform,time_varying,200,0.8,0,formal,200,160,23290731,9,75203,data/UV/n200/dod80/replica0.json
UV,uniform,time_varying,200,0.8,1,formal,200,160,23290836,6,75165,data/UV/n200/dod80/replica1.json
UV,uniform,time_varying,200,0.8,2,formal,200,160,23290931,7,75204,data/UV/n200/dod80/replica2.json
UV,uniform,time_varying,200,0.8,3,formal,200,160,23291031,11,75218,data/UV/n200/dod80/replica3.json
UV,uniform,time_varying,200,0.8,4,formal,200,160,23291133,11,75142,data/UV/n200/dod80/replica4.json
UV,uniform,time_varying,200,0.8,5,extra5,200,160,123295731,0,75185,data/UV/n200/dod80/replica5.json
UV,uniform,time_varying,200,0.8,6,extra5,200,160,123296737,16,75140,data/UV/n200/dod80/replica6.json
UV,uniform,time_varying,200,0.8,7,extra5,200,160,123297732,11,75168,data/UV/n200/dod80/replica7.json
UV,uniform,time_varying,200,0.8,8,extra5,200,160,123298733,15,75168,data/UV/n200/dod80/replica8.json
UV,uniform,time_varying,200,0.8,9,extra5,200,160,123299731,6,75155,data/UV/n200/dod80/replica9.json
UV,uniform,time_varying,200,0.9,0,formal,200,180,23300733,15,75142,data/UV/n200/dod90/replica0.json
UV,uniform,time_varying,200,0.9,1,formal,200,180,23300839,5,75207,data/UV/n200/dod90/replica1.json
UV,uniform,time_varying,200,0.9,2,formal,200,180,23300934,16,75183,data/UV/n200/dod90/replica2.json
UV,uniform,time_varying,200,0.9,3,formal,200,180,23301032,15,75134,data/UV/n200/dod90/replica3.json
UV,uniform,time_varying,200,0.9,4,formal,200,180,23301133,15,75107,data/UV/n200/dod90/replica4.json
UV,uniform,time_varying,200,0.9,5,extra5,200,180,123305732,0,75205,data/UV/n200/dod90/replica5.json
UV,uniform,time_varying,200,0.9,6,extra5,200,180,123306731,0,75173,data/UV/n200/dod90/replica6.json
UV,uniform,time_varying,200,0.9,7,extra5,200,180,123307732,0,75204,data/UV/n200/dod90/replica7.json
UV,uniform,time_varying,200,0.9,8,extra5,200,180,123308732,2,75135,data/UV/n200/dod90/replica8.json
UV,uniform,time_varying,200,0.9,9,extra5,200,180,123309736,4,75173,data/UV/n200/dod90/replica9.json
UV,uniform,time_varying,200,0.95,0,formal,200,190,23310731,0,75143,data/UV/n200/dod95/replica0.json
UV,uniform,time_varying,200,0.95,1,formal,200,190,23310836,6,75190,data/UV/n200/dod95/replica1.json
UV,uniform,time_varying,200,0.95,2,formal,200,190,23310934,6,75179,data/UV/n200/dod95/replica2.json
UV,uniform,time_varying,200,0.95,3,formal,200,190,23311031,4,75216,data/UV/n200/dod95/replica3.json
UV,uniform,time_varying,200,0.95,4,formal,200,190,23311131,12,75207,data/UV/n200/dod95/replica4.json
UV,uniform,time_varying,200,0.95,5,extra5,200,190,123315731,15,75185,data/UV/n200/dod95/replica5.json
UV,uniform,time_varying,200,0.95,6,extra5,200,190,123316732,0,75219,data/UV/n200/dod95/replica6.json
UV,uniform,time_varying,200,0.95,7,extra5,200,190,123317732,1,75139,data/UV/n200/dod95/replica7.json
UV,uniform,time_varying,200,0.95,8,extra5,200,190,123318731,3,75168,data/UV/n200/dod95/replica8.json
UV,uniform,time_varying,200,0.95,9,extra5,200,190,123319731,4,75191,data/UV/n200/dod95/replica9.json
UV,uniform,time_varying,500,0.0,0,formal,500,0,24260731,31,183127,data/UV/n500/dod0/replica0.json
UV,uniform,time_varying,500,0.0,1,formal,500,0,24260831,18,183059,data/UV/n500/dod0/replica1.json
UV,uniform,time_varying,500,0.0,2,formal,500,0,24260931,27,183108,data/UV/n500/dod0/replica2.json
UV,uniform,time_varying,500,0.0,3,formal,500,0,24261031,40,183065,data/UV/n500/dod0/replica3.json
UV,uniform,time_varying,500,0.0,4,formal,500,0,24261131,45,183073,data/UV/n500/dod0/replica4.json
UV,uniform,time_varying,500,0.0,5,extra5,500,0,124265731,51,183087,data/UV/n500/dod0/replica5.json
UV,uniform,time_varying,500,0.0,6,extra5,500,0,124266731,52,183091,data/UV/n500/dod0/replica6.json
UV,uniform,time_varying,500,0.0,7,extra5,500,0,124267731,51,183128,data/UV/n500/dod0/replica7.json
UV,uniform,time_varying,500,0.0,8,extra5,500,0,124268731,34,183075,data/UV/n500/dod0/replica8.json
UV,uniform,time_varying,500,0.0,9,extra5,500,0,124269731,41,183040,data/UV/n500/dod0/replica9.json
UV,uniform,time_varying,500,0.2,0,formal,500,100,24270731,3,183213,data/UV/n500/dod20/replica0.json
UV,uniform,time_varying,500,0.2,1,formal,500,100,24270833,4,183182,data/UV/n500/dod20/replica1.json
UV,uniform,time_varying,500,0.2,2,formal,500,100,24270931,8,183278,data/UV/n500/dod20/replica2.json
UV,uniform,time_varying,500,0.2,3,formal,500,100,24271031,6,183245,data/UV/n500/dod20/replica3.json
UV,uniform,time_varying,500,0.2,4,formal,500,100,24271136,3,183224,data/UV/n500/dod20/replica4.json
UV,uniform,time_varying,500,0.2,5,extra5,500,100,124275733,7,183285,data/UV/n500/dod20/replica5.json
UV,uniform,time_varying,500,0.2,6,extra5,500,100,124276733,18,183231,data/UV/n500/dod20/replica6.json
UV,uniform,time_varying,500,0.2,7,extra5,500,100,124277733,4,183248,data/UV/n500/dod20/replica7.json
UV,uniform,time_varying,500,0.2,8,extra5,500,100,124278731,1,183285,data/UV/n500/dod20/replica8.json
UV,uniform,time_varying,500,0.2,9,extra5,500,100,124279732,18,183219,data/UV/n500/dod20/replica9.json
UV,uniform,time_varying,500,0.5,0,formal,500,250,24280736,0,183272,data/UV/n500/dod50/replica0.json
UV,uniform,time_varying,500,0.5,1,formal,500,250,24280831,4,183252,data/UV/n500/dod50/replica1.json
UV,uniform,time_varying,500,0.5,2,formal,500,250,24280943,5,183314,data/UV/n500/dod50/replica2.json
UV,uniform,time_varying,500,0.5,3,formal,500,250,24281032,4,183271,data/UV/n500/dod50/replica3.json
UV,uniform,time_varying,500,0.5,4,formal,500,250,24281131,15,183298,data/UV/n500/dod50/replica4.json
UV,uniform,time_varying,500,0.5,5,extra5,500,250,124285731,10,183246,data/UV/n500/dod50/replica5.json
UV,uniform,time_varying,500,0.5,6,extra5,500,250,124286731,3,183266,data/UV/n500/dod50/replica6.json
UV,uniform,time_varying,500,0.5,7,extra5,500,250,124287741,14,183256,data/UV/n500/dod50/replica7.json
UV,uniform,time_varying,500,0.5,8,extra5,500,250,124288742,1,183301,data/UV/n500/dod50/replica8.json
UV,uniform,time_varying,500,0.5,9,extra5,500,250,124289732,0,183280,data/UV/n500/dod50/replica9.json
UV,uniform,time_varying,500,0.8,0,formal,500,400,24290776,2,183275,data/UV/n500/dod80/replica0.json
UV,uniform,time_varying,500,0.8,1,formal,500,400,24290843,2,183286,data/UV/n500/dod80/replica1.json
UV,uniform,time_varying,500,0.8,2,formal,500,400,24290953,5,183296,data/UV/n500/dod80/replica2.json
UV,uniform,time_varying,500,0.8,3,formal,500,400,24291035,2,183269,data/UV/n500/dod80/replica3.json
UV,uniform,time_varying,500,0.8,4,formal,500,400,24291196,5,183244,data/UV/n500/dod80/replica4.json
UV,uniform,time_varying,500,0.8,5,extra5,500,400,124295741,4,183276,data/UV/n500/dod80/replica5.json
UV,uniform,time_varying,500,0.8,6,extra5,500,400,124296758,1,183404,data/UV/n500/dod80/replica6.json
UV,uniform,time_varying,500,0.8,7,extra5,500,400,124297738,2,183263,data/UV/n500/dod80/replica7.json
UV,uniform,time_varying,500,0.8,8,extra5,500,400,124298733,0,183309,data/UV/n500/dod80/replica8.json
UV,uniform,time_varying,500,0.8,9,extra5,500,400,124299739,6,183366,data/UV/n500/dod80/replica9.json
UV,uniform,time_varying,500,0.9,0,formal,500,450,24300762,2,183276,data/UV/n500/dod90/replica0.json
UV,uniform,time_varying,500,0.9,1,formal,500,450,24300845,3,183312,data/UV/n500/dod90/replica1.json
UV,uniform,time_varying,500,0.9,2,formal,500,450,24300994,0,183274,data/UV/n500/dod90/replica2.json
UV,uniform,time_varying,500,0.9,3,formal,500,450,24301054,7,183288,data/UV/n500/dod90/replica3.json
UV,uniform,time_varying,500,0.9,4,formal,500,450,24301174,0,183360,data/UV/n500/dod90/replica4.json
UV,uniform,time_varying,500,0.9,5,extra5,500,450,124305733,3,183397,data/UV/n500/dod90/replica5.json
UV,uniform,time_varying,500,0.9,6,extra5,500,450,124306800,4,183320,data/UV/n500/dod90/replica6.json
UV,uniform,time_varying,500,0.9,7,extra5,500,450,124307903,2,183314,data/UV/n500/dod90/replica7.json
UV,uniform,time_varying,500,0.9,8,extra5,500,450,124308747,0,183314,data/UV/n500/dod90/replica8.json
UV,uniform,time_varying,500,0.9,9,extra5,500,450,124309787,2,183329,data/UV/n500/dod90/replica9.json
UV,uniform,time_varying,500,0.95,0,formal,500,475,24310766,1,183299,data/UV/n500/dod95/replica0.json
UV,uniform,time_varying,500,0.95,1,formal,500,475,24310836,0,183331,data/UV/n500/dod95/replica1.json
UV,uniform,time_varying,500,0.95,2,formal,500,475,24310937,0,183353,data/UV/n500/dod95/replica2.json
UV,uniform,time_varying,500,0.95,3,formal,500,475,24311044,2,183281,data/UV/n500/dod95/replica3.json
UV,uniform,time_varying,500,0.95,4,formal,500,475,24311238,0,183212,data/UV/n500/dod95/replica4.json
UV,uniform,time_varying,500,0.95,5,extra5,500,475,124315759,0,183277,data/UV/n500/dod95/replica5.json
UV,uniform,time_varying,500,0.95,6,extra5,500,475,124317014,4,183294,data/UV/n500/dod95/replica6.json
UV,uniform,time_varying,500,0.95,7,extra5,500,475,124317758,0,183306,data/UV/n500/dod95/replica7.json
UV,uniform,time_varying,500,0.95,8,extra5,500,475,124318850,4,183371,data/UV/n500/dod95/replica8.json
UV,uniform,time_varying,500,0.95,9,extra5,500,475,124319753,3,183336,data/UV/n500/dod95/replica9.json
BS,bursty,stationary,20,0.0,0,formal,20,0,20260731,280,10356,data/BS/n20/dod0/replica0.json
BS,bursty,stationary,20,0.0,1,formal,20,0,20260831,299,10352,data/BS/n20/dod0/replica1.json
BS,bursty,stationary,20,0.0,2,formal,20,0,20260931,262,10351,data/BS/n20/dod0/replica2.json
BS,bursty,stationary,20,0.0,3,formal,20,0,20261031,87,10352,data/BS/n20/dod0/replica3.json
BS,bursty,stationary,20,0.0,4,formal,20,0,20261131,300,10354,data/BS/n20/dod0/replica4.json
BS,bursty,stationary,20,0.0,5,extra5,20,0,120265731,289,10357,data/BS/n20/dod0/replica5.json
BS,bursty,stationary,20,0.0,6,extra5,20,0,120266731,268,10360,data/BS/n20/dod0/replica6.json
BS,bursty,stationary,20,0.0,7,extra5,20,0,120267731,124,10358,data/BS/n20/dod0/replica7.json
BS,bursty,stationary,20,0.0,8,extra5,20,0,120268731,299,10362,data/BS/n20/dod0/replica8.json
BS,bursty,stationary,20,0.0,9,extra5,20,0,120269731,269,10360,data/BS/n20/dod0/replica9.json
BS,bursty,stationary,20,0.2,0,formal,20,4,20270731,88,10377,data/BS/n20/dod20/replica0.json
BS,bursty,stationary,20,0.2,1,formal,20,4,20270831,99,10379,data/BS/n20/dod20/replica1.json
BS,bursty,stationary,20,0.2,2,formal,20,4,20270931,122,10365,data/BS/n20/dod20/replica2.json
BS,bursty,stationary,20,0.2,3,formal,20,4,20271031,63,10365,data/BS/n20/dod20/replica3.json
BS,bursty,stationary,20,0.2,4,formal,20,4,20271131,71,10370,data/BS/n20/dod20/replica4.json
BS,bursty,stationary,20,0.2,5,extra5,20,4,120275731,96,10369,data/BS/n20/dod20/replica5.json
BS,bursty,stationary,20,0.2,6,extra5,20,4,120276731,102,10372,data/BS/n20/dod20/replica6.json
BS,bursty,stationary,20,0.2,7,extra5,20,4,120277731,56,10364,data/BS/n20/dod20/replica7.json
BS,bursty,stationary,20,0.2,8,extra5,20,4,120278731,78,10368,data/BS/n20/dod20/replica8.json
BS,bursty,stationary,20,0.2,9,extra5,20,4,120279731,97,10368,data/BS/n20/dod20/replica9.json
BS,bursty,stationary,20,0.5,0,formal,20,10,20280731,0,10369,data/BS/n20/dod50/replica0.json
BS,bursty,stationary,20,0.5,1,formal,20,10,20280831,69,10373,data/BS/n20/dod50/replica1.json
BS,bursty,stationary,20,0.5,2,formal,20,10,20280931,37,10369,data/BS/n20/dod50/replica2.json
BS,bursty,stationary,20,0.5,3,formal,20,10,20281031,56,10367,data/BS/n20/dod50/replica3.json
BS,bursty,stationary,20,0.5,4,formal,20,10,20281131,55,10374,data/BS/n20/dod50/replica4.json
BS,bursty,stationary,20,0.5,5,extra5,20,10,120285731,20,10369,data/BS/n20/dod50/replica5.json
BS,bursty,stationary,20,0.5,6,extra5,20,10,120286731,47,10379,data/BS/n20/dod50/replica6.json
BS,bursty,stationary,20,0.5,7,extra5,20,10,120287731,54,10364,data/BS/n20/dod50/replica7.json
BS,bursty,stationary,20,0.5,8,extra5,20,10,120288731,21,10368,data/BS/n20/dod50/replica8.json
BS,bursty,stationary,20,0.5,9,extra5,20,10,120289731,67,10370,data/BS/n20/dod50/replica9.json
BS,bursty,stationary,20,0.8,0,formal,20,16,20290731,43,10373,data/BS/n20/dod80/replica0.json
BS,bursty,stationary,20,0.8,1,formal,20,16,20290831,27,10365,data/BS/n20/dod80/replica1.json
BS,bursty,stationary,20,0.8,2,formal,20,16,20290931,55,10373,data/BS/n20/dod80/replica2.json
BS,bursty,stationary,20,0.8,3,formal,20,16,20291031,73,10370,data/BS/n20/dod80/replica3.json
BS,bursty,stationary,20,0.8,4,formal,20,16,20291131,25,10371,data/BS/n20/dod80/replica4.json
BS,bursty,stationary,20,0.8,5,extra5,20,16,120295731,35,10373,data/BS/n20/dod80/replica5.json
BS,bursty,stationary,20,0.8,6,extra5,20,16,120296731,60,10369,data/BS/n20/dod80/replica6.json
BS,bursty,stationary,20,0.8,7,extra5,20,16,120297731,22,10387,data/BS/n20/dod80/replica7.json
BS,bursty,stationary,20,0.8,8,extra5,20,16,120298731,60,10376,data/BS/n20/dod80/replica8.json
BS,bursty,stationary,20,0.8,9,extra5,20,16,120299731,24,10379,data/BS/n20/dod80/replica9.json
BS,bursty,stationary,20,0.9,0,formal,20,18,20300731,31,10371,data/BS/n20/dod90/replica0.json
BS,bursty,stationary,20,0.9,1,formal,20,18,20300831,55,10378,data/BS/n20/dod90/replica1.json
BS,bursty,stationary,20,0.9,2,formal,20,18,20300931,13,10382,data/BS/n20/dod90/replica2.json
BS,bursty,stationary,20,0.9,3,formal,20,18,20301032,69,10379,data/BS/n20/dod90/replica3.json
BS,bursty,stationary,20,0.9,4,formal,20,18,20301131,56,10376,data/BS/n20/dod90/replica4.json
BS,bursty,stationary,20,0.9,5,extra5,20,18,120305731,29,10367,data/BS/n20/dod90/replica5.json
BS,bursty,stationary,20,0.9,6,extra5,20,18,120306731,27,10389,data/BS/n20/dod90/replica6.json
BS,bursty,stationary,20,0.9,7,extra5,20,18,120307731,38,10366,data/BS/n20/dod90/replica7.json
BS,bursty,stationary,20,0.9,8,extra5,20,18,120308731,58,10369,data/BS/n20/dod90/replica8.json
BS,bursty,stationary,20,0.9,9,extra5,20,18,120309731,21,10378,data/BS/n20/dod90/replica9.json
BS,bursty,stationary,20,0.95,0,formal,20,19,20310731,29,10366,data/BS/n20/dod95/replica0.json
BS,bursty,stationary,20,0.95,1,formal,20,19,20310831,15,10372,data/BS/n20/dod95/replica1.json
BS,bursty,stationary,20,0.95,2,formal,20,19,20310931,41,10371,data/BS/n20/dod95/replica2.json
BS,bursty,stationary,20,0.95,3,formal,20,19,20311031,73,10371,data/BS/n20/dod95/replica3.json
BS,bursty,stationary,20,0.95,4,formal,20,19,20311131,20,10379,data/BS/n20/dod95/replica4.json
BS,bursty,stationary,20,0.95,5,extra5,20,19,120315731,43,10375,data/BS/n20/dod95/replica5.json
BS,bursty,stationary,20,0.95,6,extra5,20,19,120316731,31,10383,data/BS/n20/dod95/replica6.json
BS,bursty,stationary,20,0.95,7,extra5,20,19,120317731,42,10372,data/BS/n20/dod95/replica7.json
BS,bursty,stationary,20,0.95,8,extra5,20,19,120318731,17,10382,data/BS/n20/dod95/replica8.json
BS,bursty,stationary,20,0.95,9,extra5,20,19,120319731,66,10374,data/BS/n20/dod95/replica9.json
BS,bursty,stationary,50,0.0,0,formal,50,0,21260731,134,21035,data/BS/n50/dod0/replica0.json
BS,bursty,stationary,50,0.0,1,formal,50,0,21260831,239,21023,data/BS/n50/dod0/replica1.json
BS,bursty,stationary,50,0.0,2,formal,50,0,21260931,327,21022,data/BS/n50/dod0/replica2.json
BS,bursty,stationary,50,0.0,3,formal,50,0,21261031,144,21015,data/BS/n50/dod0/replica3.json
BS,bursty,stationary,50,0.0,4,formal,50,0,21261131,288,21016,data/BS/n50/dod0/replica4.json
BS,bursty,stationary,50,0.0,5,extra5,50,0,121265731,180,21039,data/BS/n50/dod0/replica5.json
BS,bursty,stationary,50,0.0,6,extra5,50,0,121266731,99,21025,data/BS/n50/dod0/replica6.json
BS,bursty,stationary,50,0.0,7,extra5,50,0,121267731,272,21016,data/BS/n50/dod0/replica7.json
BS,bursty,stationary,50,0.0,8,extra5,50,0,121268731,314,21054,data/BS/n50/dod0/replica8.json
BS,bursty,stationary,50,0.0,9,extra5,50,0,121269731,280,21032,data/BS/n50/dod0/replica9.json
BS,bursty,stationary,50,0.2,0,formal,50,10,21270731,34,21024,data/BS/n50/dod20/replica0.json
BS,bursty,stationary,50,0.2,1,formal,50,10,21270831,52,21033,data/BS/n50/dod20/replica1.json
BS,bursty,stationary,50,0.2,2,formal,50,10,21270931,41,21031,data/BS/n50/dod20/replica2.json
BS,bursty,stationary,50,0.2,3,formal,50,10,21271031,43,21046,data/BS/n50/dod20/replica3.json
BS,bursty,stationary,50,0.2,4,formal,50,10,21271131,28,21030,data/BS/n50/dod20/replica4.json
BS,bursty,stationary,50,0.2,5,extra5,50,10,121275731,23,21050,data/BS/n50/dod20/replica5.json
BS,bursty,stationary,50,0.2,6,extra5,50,10,121276731,50,21049,data/BS/n50/dod20/replica6.json
BS,bursty,stationary,50,0.2,7,extra5,50,10,121277731,48,21032,data/BS/n50/dod20/replica7.json
BS,bursty,stationary,50,0.2,8,extra5,50,10,121278731,23,21016,data/BS/n50/dod20/replica8.json
BS,bursty,stationary,50,0.2,9,extra5,50,10,121279732,63,21041,data/BS/n50/dod20/replica9.json
BS,bursty,stationary,50,0.5,0,formal,50,25,21280731,19,21028,data/BS/n50/dod50/replica0.json
BS,bursty,stationary,50,0.5,1,formal,50,25,21280831,38,21055,data/BS/n50/dod50/replica1.json
BS,bursty,stationary,50,0.5,2,formal,50,25,21280931,47,21072,data/BS/n50/dod50/replica2.json
BS,bursty,stationary,50,0.5,3,formal,50,25,21281031,26,21022,data/BS/n50/dod50/replica3.json
BS,bursty,stationary,50,0.5,4,formal,50,25,21281131,28,21038,data/BS/n50/dod50/replica4.json
BS,bursty,stationary,50,0.5,5,extra5,50,25,121285731,13,21037,data/BS/n50/dod50/replica5.json
BS,bursty,stationary,50,0.5,6,extra5,50,25,121286731,40,21032,data/BS/n50/dod50/replica6.json
BS,bursty,stationary,50,0.5,7,extra5,50,25,121287731,30,21026,data/BS/n50/dod50/replica7.json
BS,bursty,stationary,50,0.5,8,extra5,50,25,121288731,73,21031,data/BS/n50/dod50/replica8.json
BS,bursty,stationary,50,0.5,9,extra5,50,25,121289731,21,21046,data/BS/n50/dod50/replica9.json
BS,bursty,stationary,50,0.8,0,formal,50,40,21290732,51,21055,data/BS/n50/dod80/replica0.json
BS,bursty,stationary,50,0.8,1,formal,50,40,21290831,2,21037,data/BS/n50/dod80/replica1.json
BS,bursty,stationary,50,0.8,2,formal,50,40,21290931,28,21034,data/BS/n50/dod80/replica2.json
BS,bursty,stationary,50,0.8,3,formal,50,40,21291031,30,21052,data/BS/n50/dod80/replica3.json
BS,bursty,stationary,50,0.8,4,formal,50,40,21291131,40,21043,data/BS/n50/dod80/replica4.json
BS,bursty,stationary,50,0.8,5,extra5,50,40,121295731,30,21036,data/BS/n50/dod80/replica5.json
BS,bursty,stationary,50,0.8,6,extra5,50,40,121296731,29,21042,data/BS/n50/dod80/replica6.json
BS,bursty,stationary,50,0.8,7,extra5,50,40,121297731,15,21051,data/BS/n50/dod80/replica7.json
BS,bursty,stationary,50,0.8,8,extra5,50,40,121298732,41,21033,data/BS/n50/dod80/replica8.json
BS,bursty,stationary,50,0.8,9,extra5,50,40,121299731,16,21065,data/BS/n50/dod80/replica9.json
BS,bursty,stationary,50,0.9,0,formal,50,45,21300731,14,21031,data/BS/n50/dod90/replica0.json
BS,bursty,stationary,50,0.9,1,formal,50,45,21300831,11,21024,data/BS/n50/dod90/replica1.json
BS,bursty,stationary,50,0.9,2,formal,50,45,21300931,40,21015,data/BS/n50/dod90/replica2.json
BS,bursty,stationary,50,0.9,3,formal,50,45,21301031,37,21031,data/BS/n50/dod90/replica3.json
BS,bursty,stationary,50,0.9,4,formal,50,45,21301131,41,21055,data/BS/n50/dod90/replica4.json
BS,bursty,stationary,50,0.9,5,extra5,50,45,121305731,48,21031,data/BS/n50/dod90/replica5.json
BS,bursty,stationary,50,0.9,6,extra5,50,45,121306731,41,21041,data/BS/n50/dod90/replica6.json
BS,bursty,stationary,50,0.9,7,extra5,50,45,121307731,27,21030,data/BS/n50/dod90/replica7.json
BS,bursty,stationary,50,0.9,8,extra5,50,45,121308731,4,21012,data/BS/n50/dod90/replica8.json
BS,bursty,stationary,50,0.9,9,extra5,50,45,121309731,19,21039,data/BS/n50/dod90/replica9.json
BS,bursty,stationary,50,0.95,0,formal,50,47,21310731,15,21043,data/BS/n50/dod95/replica0.json
BS,bursty,stationary,50,0.95,1,formal,50,47,21310831,27,21030,data/BS/n50/dod95/replica1.json
BS,bursty,stationary,50,0.95,2,formal,50,47,21310931,40,21039,data/BS/n50/dod95/replica2.json
BS,bursty,stationary,50,0.95,3,formal,50,47,21311031,48,21094,data/BS/n50/dod95/replica3.json
BS,bursty,stationary,50,0.95,4,formal,50,47,21311131,21,21046,data/BS/n50/dod95/replica4.json
BS,bursty,stationary,50,0.95,5,extra5,50,47,121315731,7,21040,data/BS/n50/dod95/replica5.json
BS,bursty,stationary,50,0.95,6,extra5,50,47,121316731,15,21027,data/BS/n50/dod95/replica6.json
BS,bursty,stationary,50,0.95,7,extra5,50,47,121317731,39,21047,data/BS/n50/dod95/replica7.json
BS,bursty,stationary,50,0.95,8,extra5,50,47,121318731,47,21046,data/BS/n50/dod95/replica8.json
BS,bursty,stationary,50,0.95,9,extra5,50,47,121319732,11,21054,data/BS/n50/dod95/replica9.json
BS,bursty,stationary,100,0.0,0,formal,100,0,22260731,235,38847,data/BS/n100/dod0/replica0.json
BS,bursty,stationary,100,0.0,1,formal,100,0,22260831,107,38845,data/BS/n100/dod0/replica1.json
BS,bursty,stationary,100,0.0,2,formal,100,0,22260931,216,38874,data/BS/n100/dod0/replica2.json
BS,bursty,stationary,100,0.0,3,formal,100,0,22261031,99,38854,data/BS/n100/dod0/replica3.json
BS,bursty,stationary,100,0.0,4,formal,100,0,22261131,234,38900,data/BS/n100/dod0/replica4.json
BS,bursty,stationary,100,0.0,5,extra5,100,0,122265731,133,38881,data/BS/n100/dod0/replica5.json
BS,bursty,stationary,100,0.0,6,extra5,100,0,122266731,268,38863,data/BS/n100/dod0/replica6.json
BS,bursty,stationary,100,0.0,7,extra5,100,0,122267731,217,38878,data/BS/n100/dod0/replica7.json
BS,bursty,stationary,100,0.0,8,extra5,100,0,122268731,256,38869,data/BS/n100/dod0/replica8.json
BS,bursty,stationary,100,0.0,9,extra5,100,0,122269731,96,38857,data/BS/n100/dod0/replica9.json
BS,bursty,stationary,100,0.2,0,formal,100,20,22270731,36,38887,data/BS/n100/dod20/replica0.json
BS,bursty,stationary,100,0.2,1,formal,100,20,22270832,37,38925,data/BS/n100/dod20/replica1.json
BS,bursty,stationary,100,0.2,2,formal,100,20,22270931,33,38898,data/BS/n100/dod20/replica2.json
BS,bursty,stationary,100,0.2,3,formal,100,20,22271031,66,38952,data/BS/n100/dod20/replica3.json
BS,bursty,stationary,100,0.2,4,formal,100,20,22271131,39,38869,data/BS/n100/dod20/replica4.json
BS,bursty,stationary,100,0.2,5,extra5,100,20,122275731,19,38911,data/BS/n100/dod20/replica5.json
BS,bursty,stationary,100,0.2,6,extra5,100,20,122276731,50,38882,data/BS/n100/dod20/replica6.json
BS,bursty,stationary,100,0.2,7,extra5,100,20,122277731,25,38883,data/BS/n100/dod20/replica7.json
BS,bursty,stationary,100,0.2,8,extra5,100,20,122278731,37,38898,data/BS/n100/dod20/replica8.json
BS,bursty,stationary,100,0.2,9,extra5,100,20,122279731,25,38884,data/BS/n100/dod20/replica9.json
BS,bursty,stationary,100,0.5,0,formal,100,50,22280731,16,38899,data/BS/n100/dod50/replica0.json
BS,bursty,stationary,100,0.5,1,formal,100,50,22280831,43,38907,data/BS/n100/dod50/replica1.json
BS,bursty,stationary,100,0.5,2,formal,100,50,22280931,44,38898,data/BS/n100/dod50/replica2.json
BS,bursty,stationary,100,0.5,3,formal,100,50,22281031,15,38915,data/BS/n100/dod50/replica3.json
BS,bursty,stationary,100,0.5,4,formal,100,50,22281131,15,38905,data/BS/n100/dod50/replica4.json
BS,bursty,stationary,100,0.5,5,extra5,100,50,122285731,33,38903,data/BS/n100/dod50/replica5.json
BS,bursty,stationary,100,0.5,6,extra5,100,50,122286731,42,38891,data/BS/n100/dod50/replica6.json
BS,bursty,stationary,100,0.5,7,extra5,100,50,122287731,29,38876,data/BS/n100/dod50/replica7.json
BS,bursty,stationary,100,0.5,8,extra5,100,50,122288731,20,38896,data/BS/n100/dod50/replica8.json
BS,bursty,stationary,100,0.5,9,extra5,100,50,122289731,28,38888,data/BS/n100/dod50/replica9.json
BS,bursty,stationary,100,0.8,0,formal,100,80,22290731,24,38903,data/BS/n100/dod80/replica0.json
BS,bursty,stationary,100,0.8,1,formal,100,80,22290831,7,38899,data/BS/n100/dod80/replica1.json
BS,bursty,stationary,100,0.8,2,formal,100,80,22290932,34,38926,data/BS/n100/dod80/replica2.json
BS,bursty,stationary,100,0.8,3,formal,100,80,22291031,16,38884,data/BS/n100/dod80/replica3.json
BS,bursty,stationary,100,0.8,4,formal,100,80,22291131,9,38921,data/BS/n100/dod80/replica4.json
BS,bursty,stationary,100,0.8,5,extra5,100,80,122295731,18,38952,data/BS/n100/dod80/replica5.json
BS,bursty,stationary,100,0.8,6,extra5,100,80,122296731,17,38911,data/BS/n100/dod80/replica6.json
BS,bursty,stationary,100,0.8,7,extra5,100,80,122297731,10,38909,data/BS/n100/dod80/replica7.json
BS,bursty,stationary,100,0.8,8,extra5,100,80,122298731,23,38894,data/BS/n100/dod80/replica8.json
BS,bursty,stationary,100,0.8,9,extra5,100,80,122299731,41,38915,data/BS/n100/dod80/replica9.json
BS,bursty,stationary,100,0.9,0,formal,100,90,22300731,6,38913,data/BS/n100/dod90/replica0.json
BS,bursty,stationary,100,0.9,1,formal,100,90,22300831,12,38870,data/BS/n100/dod90/replica1.json
BS,bursty,stationary,100,0.9,2,formal,100,90,22300931,23,38931,data/BS/n100/dod90/replica2.json
BS,bursty,stationary,100,0.9,3,formal,100,90,22301031,23,38896,data/BS/n100/dod90/replica3.json
BS,bursty,stationary,100,0.9,4,formal,100,90,22301131,24,38926,data/BS/n100/dod90/replica4.json
BS,bursty,stationary,100,0.9,5,extra5,100,90,122305731,23,38975,data/BS/n100/dod90/replica5.json
BS,bursty,stationary,100,0.9,6,extra5,100,90,122306731,31,38914,data/BS/n100/dod90/replica6.json
BS,bursty,stationary,100,0.9,7,extra5,100,90,122307731,24,38898,data/BS/n100/dod90/replica7.json
BS,bursty,stationary,100,0.9,8,extra5,100,90,122308731,24,38905,data/BS/n100/dod90/replica8.json
BS,bursty,stationary,100,0.9,9,extra5,100,90,122309731,11,38918,data/BS/n100/dod90/replica9.json
BS,bursty,stationary,100,0.95,0,formal,100,95,22310731,42,38914,data/BS/n100/dod95/replica0.json
BS,bursty,stationary,100,0.95,1,formal,100,95,22310831,15,38910,data/BS/n100/dod95/replica1.json
BS,bursty,stationary,100,0.95,2,formal,100,95,22310931,9,38907,data/BS/n100/dod95/replica2.json
BS,bursty,stationary,100,0.95,3,formal,100,95,22311031,32,38942,data/BS/n100/dod95/replica3.json
BS,bursty,stationary,100,0.95,4,formal,100,95,22311131,7,38926,data/BS/n100/dod95/replica4.json
BS,bursty,stationary,100,0.95,5,extra5,100,95,122315731,9,38925,data/BS/n100/dod95/replica5.json
BS,bursty,stationary,100,0.95,6,extra5,100,95,122316731,26,38918,data/BS/n100/dod95/replica6.json
BS,bursty,stationary,100,0.95,7,extra5,100,95,122317731,20,38905,data/BS/n100/dod95/replica7.json
BS,bursty,stationary,100,0.95,8,extra5,100,95,122318731,10,38921,data/BS/n100/dod95/replica8.json
BS,bursty,stationary,100,0.95,9,extra5,100,95,122319731,30,38907,data/BS/n100/dod95/replica9.json
BS,bursty,stationary,200,0.0,0,formal,200,0,23260731,220,74849,data/BS/n200/dod0/replica0.json
BS,bursty,stationary,200,0.0,1,formal,200,0,23260831,216,74759,data/BS/n200/dod0/replica1.json
BS,bursty,stationary,200,0.0,2,formal,200,0,23260931,137,74767,data/BS/n200/dod0/replica2.json
BS,bursty,stationary,200,0.0,3,formal,200,0,23261031,229,74784,data/BS/n200/dod0/replica3.json
BS,bursty,stationary,200,0.0,4,formal,200,0,23261131,253,74839,data/BS/n200/dod0/replica4.json
BS,bursty,stationary,200,0.0,5,extra5,200,0,123265731,187,74728,data/BS/n200/dod0/replica5.json
BS,bursty,stationary,200,0.0,6,extra5,200,0,123266731,57,74782,data/BS/n200/dod0/replica6.json
BS,bursty,stationary,200,0.0,7,extra5,200,0,123267731,249,74782,data/BS/n200/dod0/replica7.json
BS,bursty,stationary,200,0.0,8,extra5,200,0,123268731,25,74759,data/BS/n200/dod0/replica8.json
BS,bursty,stationary,200,0.0,9,extra5,200,0,123269731,114,74736,data/BS/n200/dod0/replica9.json
BS,bursty,stationary,200,0.2,0,formal,200,40,23270731,20,74785,data/BS/n200/dod20/replica0.json
BS,bursty,stationary,200,0.2,1,formal,200,40,23270831,6,74783,data/BS/n200/dod20/replica1.json
BS,bursty,stationary,200,0.2,2,formal,200,40,23270931,11,74772,data/BS/n200/dod20/replica2.json
BS,bursty,stationary,200,0.2,3,formal,200,40,23271031,39,74804,data/BS/n200/dod20/replica3.json
BS,bursty,stationary,200,0.2,4,formal,200,40,23271131,0,74798,data/BS/n200/dod20/replica4.json
BS,bursty,stationary,200,0.2,5,extra5,200,40,123275731,42,74761,data/BS/n200/dod20/replica5.json
BS,bursty,stationary,200,0.2,6,extra5,200,40,123276731,3,74783,data/BS/n200/dod20/replica6.json
BS,bursty,stationary,200,0.2,7,extra5,200,40,123277731,18,74850,data/BS/n200/dod20/replica7.json
BS,bursty,stationary,200,0.2,8,extra5,200,40,123278731,39,74759,data/BS/n200/dod20/replica8.json
BS,bursty,stationary,200,0.2,9,extra5,200,40,123279731,10,74867,data/BS/n200/dod20/replica9.json
BS,bursty,stationary,200,0.5,0,formal,200,100,23280732,1,74779,data/BS/n200/dod50/replica0.json
BS,bursty,stationary,200,0.5,1,formal,200,100,23280832,17,74772,data/BS/n200/dod50/replica1.json
BS,bursty,stationary,200,0.5,2,formal,200,100,23280932,2,74756,data/BS/n200/dod50/replica2.json
BS,bursty,stationary,200,0.5,3,formal,200,100,23281031,9,74775,data/BS/n200/dod50/replica3.json
BS,bursty,stationary,200,0.5,4,formal,200,100,23281131,23,74824,data/BS/n200/dod50/replica4.json
BS,bursty,stationary,200,0.5,5,extra5,200,100,123285731,0,74861,data/BS/n200/dod50/replica5.json
BS,bursty,stationary,200,0.5,6,extra5,200,100,123286732,1,74767,data/BS/n200/dod50/replica6.json
BS,bursty,stationary,200,0.5,7,extra5,200,100,123287731,21,74764,data/BS/n200/dod50/replica7.json
BS,bursty,stationary,200,0.5,8,extra5,200,100,123288732,10,74830,data/BS/n200/dod50/replica8.json
BS,bursty,stationary,200,0.5,9,extra5,200,100,123289733,3,74760,data/BS/n200/dod50/replica9.json
BS,bursty,stationary,200,0.8,0,formal,200,160,23290731,6,74917,data/BS/n200/dod80/replica0.json
BS,bursty,stationary,200,0.8,1,formal,200,160,23290835,16,74843,data/BS/n200/dod80/replica1.json
BS,bursty,stationary,200,0.8,2,formal,200,160,23290932,5,74792,data/BS/n200/dod80/replica2.json
BS,bursty,stationary,200,0.8,3,formal,200,160,23291032,6,74816,data/BS/n200/dod80/replica3.json
BS,bursty,stationary,200,0.8,4,formal,200,160,23291133,12,74773,data/BS/n200/dod80/replica4.json
BS,bursty,stationary,200,0.8,5,extra5,200,160,123295734,9,74798,data/BS/n200/dod80/replica5.json
BS,bursty,stationary,200,0.8,6,extra5,200,160,123296731,0,74811,data/BS/n200/dod80/replica6.json
BS,bursty,stationary,200,0.8,7,extra5,200,160,123297734,3,74795,data/BS/n200/dod80/replica7.json
BS,bursty,stationary,200,0.8,8,extra5,200,160,123298735,3,74883,data/BS/n200/dod80/replica8.json
BS,bursty,stationary,200,0.8,9,extra5,200,160,123299736,7,74783,data/BS/n200/dod80/replica9.json
BS,bursty,stationary,200,0.9,0,formal,200,180,23300731,7,74789,data/BS/n200/dod90/replica0.json
BS,bursty,stationary,200,0.9,1,formal,200,180,23300836,2,74809,data/BS/n200/dod90/replica1.json
BS,bursty,stationary,200,0.9,2,formal,200,180,23300936,10,74800,data/BS/n200/dod90/replica2.json
BS,bursty,stationary,200,0.9,3,formal,200,180,23301031,6,74790,data/BS/n200/dod90/replica3.json
BS,bursty,stationary,200,0.9,4,formal,200,180,23301134,8,74823,data/BS/n200/dod90/replica4.json
BS,bursty,stationary,200,0.9,5,extra5,200,180,123305732,15,74816,data/BS/n200/dod90/replica5.json
BS,bursty,stationary,200,0.9,6,extra5,200,180,123306731,1,74776,data/BS/n200/dod90/replica6.json
BS,bursty,stationary,200,0.9,7,extra5,200,180,123307733,0,74802,data/BS/n200/dod90/replica7.json
BS,bursty,stationary,200,0.9,8,extra5,200,180,123308733,7,74803,data/BS/n200/dod90/replica8.json
BS,bursty,stationary,200,0.9,9,extra5,200,180,123309733,4,74791,data/BS/n200/dod90/replica9.json
BS,bursty,stationary,200,0.95,0,formal,200,190,23310732,10,74811,data/BS/n200/dod95/replica0.json
BS,bursty,stationary,200,0.95,1,formal,200,190,23310831,2,74801,data/BS/n200/dod95/replica1.json
BS,bursty,stationary,200,0.95,2,formal,200,190,23310931,11,74785,data/BS/n200/dod95/replica2.json
BS,bursty,stationary,200,0.95,3,formal,200,190,23311031,20,74818,data/BS/n200/dod95/replica3.json
BS,bursty,stationary,200,0.95,4,formal,200,190,23311134,12,74809,data/BS/n200/dod95/replica4.json
BS,bursty,stationary,200,0.95,5,extra5,200,190,123315735,15,74835,data/BS/n200/dod95/replica5.json
BS,bursty,stationary,200,0.95,6,extra5,200,190,123316736,6,74752,data/BS/n200/dod95/replica6.json
BS,bursty,stationary,200,0.95,7,extra5,200,190,123317731,6,74902,data/BS/n200/dod95/replica7.json
BS,bursty,stationary,200,0.95,8,extra5,200,190,123318731,11,74821,data/BS/n200/dod95/replica8.json
BS,bursty,stationary,200,0.95,9,extra5,200,190,123319731,5,74844,data/BS/n200/dod95/replica9.json
BS,bursty,stationary,500,0.0,0,formal,500,0,24260731,73,182474,data/BS/n500/dod0/replica0.json
BS,bursty,stationary,500,0.0,1,formal,500,0,24260831,138,182586,data/BS/n500/dod0/replica1.json
BS,bursty,stationary,500,0.0,2,formal,500,0,24260931,137,182442,data/BS/n500/dod0/replica2.json
BS,bursty,stationary,500,0.0,3,formal,500,0,24261031,169,182486,data/BS/n500/dod0/replica3.json
BS,bursty,stationary,500,0.0,4,formal,500,0,24261131,189,182445,data/BS/n500/dod0/replica4.json
BS,bursty,stationary,500,0.0,5,extra5,500,0,124265731,100,182596,data/BS/n500/dod0/replica5.json
BS,bursty,stationary,500,0.0,6,extra5,500,0,124266731,70,182498,data/BS/n500/dod0/replica6.json
BS,bursty,stationary,500,0.0,7,extra5,500,0,124267731,145,182456,data/BS/n500/dod0/replica7.json
BS,bursty,stationary,500,0.0,8,extra5,500,0,124268731,202,182507,data/BS/n500/dod0/replica8.json
BS,bursty,stationary,500,0.0,9,extra5,500,0,124269731,115,182607,data/BS/n500/dod0/replica9.json
BS,bursty,stationary,500,0.2,0,formal,500,100,24270734,13,182533,data/BS/n500/dod20/replica0.json
BS,bursty,stationary,500,0.2,1,formal,500,100,24270832,4,182477,data/BS/n500/dod20/replica1.json
BS,bursty,stationary,500,0.2,2,formal,500,100,24270934,11,182520,data/BS/n500/dod20/replica2.json
BS,bursty,stationary,500,0.2,3,formal,500,100,24271033,3,182519,data/BS/n500/dod20/replica3.json
BS,bursty,stationary,500,0.2,4,formal,500,100,24271131,26,182696,data/BS/n500/dod20/replica4.json
BS,bursty,stationary,500,0.2,5,extra5,500,100,124275732,9,182515,data/BS/n500/dod20/replica5.json
BS,bursty,stationary,500,0.2,6,extra5,500,100,124276731,12,182530,data/BS/n500/dod20/replica6.json
BS,bursty,stationary,500,0.2,7,extra5,500,100,124277733,0,182429,data/BS/n500/dod20/replica7.json
BS,bursty,stationary,500,0.2,8,extra5,500,100,124278731,4,182523,data/BS/n500/dod20/replica8.json
BS,bursty,stationary,500,0.2,9,extra5,500,100,124279731,6,182519,data/BS/n500/dod20/replica9.json
BS,bursty,stationary,500,0.5,0,formal,500,250,24280733,4,182502,data/BS/n500/dod50/replica0.json
BS,bursty,stationary,500,0.5,1,formal,500,250,24280832,0,182510,data/BS/n500/dod50/replica1.json
BS,bursty,stationary,500,0.5,2,formal,500,250,24280933,8,182547,data/BS/n500/dod50/replica2.json
BS,bursty,stationary,500,0.5,3,formal,500,250,24281040,0,182601,data/BS/n500/dod50/replica3.json
BS,bursty,stationary,500,0.5,4,formal,500,250,24281139,9,182517,data/BS/n500/dod50/replica4.json
BS,bursty,stationary,500,0.5,5,extra5,500,250,124285738,10,182519,data/BS/n500/dod50/replica5.json
BS,bursty,stationary,500,0.5,6,extra5,500,250,124286733,2,182558,data/BS/n500/dod50/replica6.json
BS,bursty,stationary,500,0.5,7,extra5,500,250,124287747,1,182583,data/BS/n500/dod50/replica7.json
BS,bursty,stationary,500,0.5,8,extra5,500,250,124288754,4,182521,data/BS/n500/dod50/replica8.json
BS,bursty,stationary,500,0.5,9,extra5,500,250,124289734,1,182438,data/BS/n500/dod50/replica9.json
BS,bursty,stationary,500,0.8,0,formal,500,400,24290736,0,182451,data/BS/n500/dod80/replica0.json
BS,bursty,stationary,500,0.8,1,formal,500,400,24290925,0,182479,data/BS/n500/dod80/replica1.json
BS,bursty,stationary,500,0.8,2,formal,500,400,24290974,0,182539,data/BS/n500/dod80/replica2.json
BS,bursty,stationary,500,0.8,3,formal,500,400,24291045,8,182542,data/BS/n500/dod80/replica3.json
BS,bursty,stationary,500,0.8,4,formal,500,400,24291175,1,182453,data/BS/n500/dod80/replica4.json
BS,bursty,stationary,500,0.8,5,extra5,500,400,124295732,5,182435,data/BS/n500/dod80/replica5.json
BS,bursty,stationary,500,0.8,6,extra5,500,400,124296751,7,182686,data/BS/n500/dod80/replica6.json
BS,bursty,stationary,500,0.8,7,extra5,500,400,124297765,1,182781,data/BS/n500/dod80/replica7.json
BS,bursty,stationary,500,0.8,8,extra5,500,400,124298743,1,182569,data/BS/n500/dod80/replica8.json
BS,bursty,stationary,500,0.8,9,extra5,500,400,124299747,4,182690,data/BS/n500/dod80/replica9.json
BS,bursty,stationary,500,0.9,0,formal,500,450,24300733,6,182521,data/BS/n500/dod90/replica0.json
BS,bursty,stationary,500,0.9,1,formal,500,450,24300918,3,182568,data/BS/n500/dod90/replica1.json
BS,bursty,stationary,500,0.9,2,formal,500,450,24300946,1,182791,data/BS/n500/dod90/replica2.json
BS,bursty,stationary,500,0.9,3,formal,500,450,24301101,4,182482,data/BS/n500/dod90/replica3.json
BS,bursty,stationary,500,0.9,4,formal,500,450,24301134,1,182530,data/BS/n500/dod90/replica4.json
BS,bursty,stationary,500,0.9,5,extra5,500,450,124305731,0,182496,data/BS/n500/dod90/replica5.json
BS,bursty,stationary,500,0.9,6,extra5,500,450,124306823,3,182484,data/BS/n500/dod90/replica6.json
BS,bursty,stationary,500,0.9,7,extra5,500,450,124307754,0,182531,data/BS/n500/dod90/replica7.json
BS,bursty,stationary,500,0.9,8,extra5,500,450,124308743,0,182401,data/BS/n500/dod90/replica8.json
BS,bursty,stationary,500,0.9,9,extra5,500,450,124309737,5,182582,data/BS/n500/dod90/replica9.json
BS,bursty,stationary,500,0.95,0,formal,500,475,24310735,1,182636,data/BS/n500/dod95/replica0.json
BS,bursty,stationary,500,0.95,1,formal,500,475,24310833,1,182463,data/BS/n500/dod95/replica1.json
BS,bursty,stationary,500,0.95,2,formal,500,475,24310962,3,182744,data/BS/n500/dod95/replica2.json
BS,bursty,stationary,500,0.95,3,formal,500,475,24311035,4,182593,data/BS/n500/dod95/replica3.json
BS,bursty,stationary,500,0.95,4,formal,500,475,24311151,3,182513,data/BS/n500/dod95/replica4.json
BS,bursty,stationary,500,0.95,5,extra5,500,475,124315740,5,182722,data/BS/n500/dod95/replica5.json
BS,bursty,stationary,500,0.95,6,extra5,500,475,124316801,8,182742,data/BS/n500/dod95/replica6.json
BS,bursty,stationary,500,0.95,7,extra5,500,475,124317760,7,182648,data/BS/n500/dod95/replica7.json
BS,bursty,stationary,500,0.95,8,extra5,500,475,124318803,0,182479,data/BS/n500/dod95/replica8.json
BS,bursty,stationary,500,0.95,9,extra5,500,475,124319772,3,182786,data/BS/n500/dod95/replica9.json
BV,bursty,time_varying,20,0.0,0,formal,20,0,20260731,280,10452,data/BV/n20/dod0/replica0.json
BV,bursty,time_varying,20,0.0,1,formal,20,0,20260831,299,10448,data/BV/n20/dod0/replica1.json
BV,bursty,time_varying,20,0.0,2,formal,20,0,20260931,262,10447,data/BV/n20/dod0/replica2.json
BV,bursty,time_varying,20,0.0,3,formal,20,0,20261031,87,10448,data/BV/n20/dod0/replica3.json
BV,bursty,time_varying,20,0.0,4,formal,20,0,20261131,300,10450,data/BV/n20/dod0/replica4.json
BV,bursty,time_varying,20,0.0,5,extra5,20,0,120265731,289,10453,data/BV/n20/dod0/replica5.json
BV,bursty,time_varying,20,0.0,6,extra5,20,0,120266731,268,10456,data/BV/n20/dod0/replica6.json
BV,bursty,time_varying,20,0.0,7,extra5,20,0,120267731,124,10454,data/BV/n20/dod0/replica7.json
BV,bursty,time_varying,20,0.0,8,extra5,20,0,120268731,299,10458,data/BV/n20/dod0/replica8.json
BV,bursty,time_varying,20,0.0,9,extra5,20,0,120269731,269,10456,data/BV/n20/dod0/replica9.json
BV,bursty,time_varying,20,0.2,0,formal,20,4,20270731,88,10473,data/BV/n20/dod20/replica0.json
BV,bursty,time_varying,20,0.2,1,formal,20,4,20270831,99,10475,data/BV/n20/dod20/replica1.json
BV,bursty,time_varying,20,0.2,2,formal,20,4,20270931,122,10461,data/BV/n20/dod20/replica2.json
BV,bursty,time_varying,20,0.2,3,formal,20,4,20271031,63,10461,data/BV/n20/dod20/replica3.json
BV,bursty,time_varying,20,0.2,4,formal,20,4,20271131,71,10466,data/BV/n20/dod20/replica4.json
BV,bursty,time_varying,20,0.2,5,extra5,20,4,120275731,96,10465,data/BV/n20/dod20/replica5.json
BV,bursty,time_varying,20,0.2,6,extra5,20,4,120276731,102,10468,data/BV/n20/dod20/replica6.json
BV,bursty,time_varying,20,0.2,7,extra5,20,4,120277731,56,10460,data/BV/n20/dod20/replica7.json
BV,bursty,time_varying,20,0.2,8,extra5,20,4,120278731,78,10464,data/BV/n20/dod20/replica8.json
BV,bursty,time_varying,20,0.2,9,extra5,20,4,120279731,97,10464,data/BV/n20/dod20/replica9.json
BV,bursty,time_varying,20,0.5,0,formal,20,10,20280731,0,10465,data/BV/n20/dod50/replica0.json
BV,bursty,time_varying,20,0.5,1,formal,20,10,20280831,69,10469,data/BV/n20/dod50/replica1.json
BV,bursty,time_varying,20,0.5,2,formal,20,10,20280931,37,10465,data/BV/n20/dod50/replica2.json
BV,bursty,time_varying,20,0.5,3,formal,20,10,20281031,56,10463,data/BV/n20/dod50/replica3.json
BV,bursty,time_varying,20,0.5,4,formal,20,10,20281131,55,10470,data/BV/n20/dod50/replica4.json
BV,bursty,time_varying,20,0.5,5,extra5,20,10,120285731,20,10465,data/BV/n20/dod50/replica5.json
BV,bursty,time_varying,20,0.5,6,extra5,20,10,120286731,47,10475,data/BV/n20/dod50/replica6.json
BV,bursty,time_varying,20,0.5,7,extra5,20,10,120287731,54,10460,data/BV/n20/dod50/replica7.json
BV,bursty,time_varying,20,0.5,8,extra5,20,10,120288731,21,10464,data/BV/n20/dod50/replica8.json
BV,bursty,time_varying,20,0.5,9,extra5,20,10,120289731,67,10466,data/BV/n20/dod50/replica9.json
BV,bursty,time_varying,20,0.8,0,formal,20,16,20290731,43,10469,data/BV/n20/dod80/replica0.json
BV,bursty,time_varying,20,0.8,1,formal,20,16,20290831,27,10461,data/BV/n20/dod80/replica1.json
BV,bursty,time_varying,20,0.8,2,formal,20,16,20290931,55,10469,data/BV/n20/dod80/replica2.json
BV,bursty,time_varying,20,0.8,3,formal,20,16,20291031,73,10466,data/BV/n20/dod80/replica3.json
BV,bursty,time_varying,20,0.8,4,formal,20,16,20291131,25,10467,data/BV/n20/dod80/replica4.json
BV,bursty,time_varying,20,0.8,5,extra5,20,16,120295731,35,10469,data/BV/n20/dod80/replica5.json
BV,bursty,time_varying,20,0.8,6,extra5,20,16,120296731,60,10465,data/BV/n20/dod80/replica6.json
BV,bursty,time_varying,20,0.8,7,extra5,20,16,120297731,22,10483,data/BV/n20/dod80/replica7.json
BV,bursty,time_varying,20,0.8,8,extra5,20,16,120298731,60,10472,data/BV/n20/dod80/replica8.json
BV,bursty,time_varying,20,0.8,9,extra5,20,16,120299731,24,10475,data/BV/n20/dod80/replica9.json
BV,bursty,time_varying,20,0.9,0,formal,20,18,20300731,31,10467,data/BV/n20/dod90/replica0.json
BV,bursty,time_varying,20,0.9,1,formal,20,18,20300831,55,10474,data/BV/n20/dod90/replica1.json
BV,bursty,time_varying,20,0.9,2,formal,20,18,20300931,13,10478,data/BV/n20/dod90/replica2.json
BV,bursty,time_varying,20,0.9,3,formal,20,18,20301032,69,10475,data/BV/n20/dod90/replica3.json
BV,bursty,time_varying,20,0.9,4,formal,20,18,20301131,56,10472,data/BV/n20/dod90/replica4.json
BV,bursty,time_varying,20,0.9,5,extra5,20,18,120305731,29,10463,data/BV/n20/dod90/replica5.json
BV,bursty,time_varying,20,0.9,6,extra5,20,18,120306731,27,10485,data/BV/n20/dod90/replica6.json
BV,bursty,time_varying,20,0.9,7,extra5,20,18,120307731,38,10462,data/BV/n20/dod90/replica7.json
BV,bursty,time_varying,20,0.9,8,extra5,20,18,120308731,58,10465,data/BV/n20/dod90/replica8.json
BV,bursty,time_varying,20,0.9,9,extra5,20,18,120309731,21,10474,data/BV/n20/dod90/replica9.json
BV,bursty,time_varying,20,0.95,0,formal,20,19,20310731,29,10462,data/BV/n20/dod95/replica0.json
BV,bursty,time_varying,20,0.95,1,formal,20,19,20310831,15,10468,data/BV/n20/dod95/replica1.json
BV,bursty,time_varying,20,0.95,2,formal,20,19,20310931,41,10467,data/BV/n20/dod95/replica2.json
BV,bursty,time_varying,20,0.95,3,formal,20,19,20311031,73,10467,data/BV/n20/dod95/replica3.json
BV,bursty,time_varying,20,0.95,4,formal,20,19,20311131,20,10475,data/BV/n20/dod95/replica4.json
BV,bursty,time_varying,20,0.95,5,extra5,20,19,120315731,43,10471,data/BV/n20/dod95/replica5.json
BV,bursty,time_varying,20,0.95,6,extra5,20,19,120316731,31,10479,data/BV/n20/dod95/replica6.json
BV,bursty,time_varying,20,0.95,7,extra5,20,19,120317731,42,10468,data/BV/n20/dod95/replica7.json
BV,bursty,time_varying,20,0.95,8,extra5,20,19,120318731,17,10478,data/BV/n20/dod95/replica8.json
BV,bursty,time_varying,20,0.95,9,extra5,20,19,120319731,66,10470,data/BV/n20/dod95/replica9.json
BV,bursty,time_varying,50,0.0,0,formal,50,0,21260731,134,21131,data/BV/n50/dod0/replica0.json
BV,bursty,time_varying,50,0.0,1,formal,50,0,21260831,239,21119,data/BV/n50/dod0/replica1.json
BV,bursty,time_varying,50,0.0,2,formal,50,0,21260931,327,21118,data/BV/n50/dod0/replica2.json
BV,bursty,time_varying,50,0.0,3,formal,50,0,21261031,144,21111,data/BV/n50/dod0/replica3.json
BV,bursty,time_varying,50,0.0,4,formal,50,0,21261131,288,21112,data/BV/n50/dod0/replica4.json
BV,bursty,time_varying,50,0.0,5,extra5,50,0,121265731,180,21135,data/BV/n50/dod0/replica5.json
BV,bursty,time_varying,50,0.0,6,extra5,50,0,121266731,99,21121,data/BV/n50/dod0/replica6.json
BV,bursty,time_varying,50,0.0,7,extra5,50,0,121267731,272,21112,data/BV/n50/dod0/replica7.json
BV,bursty,time_varying,50,0.0,8,extra5,50,0,121268731,314,21150,data/BV/n50/dod0/replica8.json
BV,bursty,time_varying,50,0.0,9,extra5,50,0,121269731,280,21128,data/BV/n50/dod0/replica9.json
BV,bursty,time_varying,50,0.2,0,formal,50,10,21270731,34,21120,data/BV/n50/dod20/replica0.json
BV,bursty,time_varying,50,0.2,1,formal,50,10,21270831,52,21129,data/BV/n50/dod20/replica1.json
BV,bursty,time_varying,50,0.2,2,formal,50,10,21270931,41,21127,data/BV/n50/dod20/replica2.json
BV,bursty,time_varying,50,0.2,3,formal,50,10,21271031,43,21142,data/BV/n50/dod20/replica3.json
BV,bursty,time_varying,50,0.2,4,formal,50,10,21271131,28,21126,data/BV/n50/dod20/replica4.json
BV,bursty,time_varying,50,0.2,5,extra5,50,10,121275731,23,21146,data/BV/n50/dod20/replica5.json
BV,bursty,time_varying,50,0.2,6,extra5,50,10,121276731,50,21145,data/BV/n50/dod20/replica6.json
BV,bursty,time_varying,50,0.2,7,extra5,50,10,121277731,48,21128,data/BV/n50/dod20/replica7.json
BV,bursty,time_varying,50,0.2,8,extra5,50,10,121278731,23,21112,data/BV/n50/dod20/replica8.json
BV,bursty,time_varying,50,0.2,9,extra5,50,10,121279732,63,21137,data/BV/n50/dod20/replica9.json
BV,bursty,time_varying,50,0.5,0,formal,50,25,21280731,19,21124,data/BV/n50/dod50/replica0.json
BV,bursty,time_varying,50,0.5,1,formal,50,25,21280831,38,21151,data/BV/n50/dod50/replica1.json
BV,bursty,time_varying,50,0.5,2,formal,50,25,21280931,47,21168,data/BV/n50/dod50/replica2.json
BV,bursty,time_varying,50,0.5,3,formal,50,25,21281031,26,21118,data/BV/n50/dod50/replica3.json
BV,bursty,time_varying,50,0.5,4,formal,50,25,21281131,28,21134,data/BV/n50/dod50/replica4.json
BV,bursty,time_varying,50,0.5,5,extra5,50,25,121285731,13,21133,data/BV/n50/dod50/replica5.json
BV,bursty,time_varying,50,0.5,6,extra5,50,25,121286731,40,21128,data/BV/n50/dod50/replica6.json
BV,bursty,time_varying,50,0.5,7,extra5,50,25,121287731,30,21122,data/BV/n50/dod50/replica7.json
BV,bursty,time_varying,50,0.5,8,extra5,50,25,121288731,73,21127,data/BV/n50/dod50/replica8.json
BV,bursty,time_varying,50,0.5,9,extra5,50,25,121289731,21,21142,data/BV/n50/dod50/replica9.json
BV,bursty,time_varying,50,0.8,0,formal,50,40,21290732,51,21151,data/BV/n50/dod80/replica0.json
BV,bursty,time_varying,50,0.8,1,formal,50,40,21290831,2,21133,data/BV/n50/dod80/replica1.json
BV,bursty,time_varying,50,0.8,2,formal,50,40,21290931,28,21130,data/BV/n50/dod80/replica2.json
BV,bursty,time_varying,50,0.8,3,formal,50,40,21291031,30,21148,data/BV/n50/dod80/replica3.json
BV,bursty,time_varying,50,0.8,4,formal,50,40,21291131,40,21139,data/BV/n50/dod80/replica4.json
BV,bursty,time_varying,50,0.8,5,extra5,50,40,121295731,30,21132,data/BV/n50/dod80/replica5.json
BV,bursty,time_varying,50,0.8,6,extra5,50,40,121296731,29,21138,data/BV/n50/dod80/replica6.json
BV,bursty,time_varying,50,0.8,7,extra5,50,40,121297731,15,21147,data/BV/n50/dod80/replica7.json
BV,bursty,time_varying,50,0.8,8,extra5,50,40,121298732,41,21129,data/BV/n50/dod80/replica8.json
BV,bursty,time_varying,50,0.8,9,extra5,50,40,121299731,16,21161,data/BV/n50/dod80/replica9.json
BV,bursty,time_varying,50,0.9,0,formal,50,45,21300731,14,21127,data/BV/n50/dod90/replica0.json
BV,bursty,time_varying,50,0.9,1,formal,50,45,21300831,11,21120,data/BV/n50/dod90/replica1.json
BV,bursty,time_varying,50,0.9,2,formal,50,45,21300931,40,21111,data/BV/n50/dod90/replica2.json
BV,bursty,time_varying,50,0.9,3,formal,50,45,21301031,37,21127,data/BV/n50/dod90/replica3.json
BV,bursty,time_varying,50,0.9,4,formal,50,45,21301131,41,21151,data/BV/n50/dod90/replica4.json
BV,bursty,time_varying,50,0.9,5,extra5,50,45,121305731,48,21127,data/BV/n50/dod90/replica5.json
BV,bursty,time_varying,50,0.9,6,extra5,50,45,121306731,41,21137,data/BV/n50/dod90/replica6.json
BV,bursty,time_varying,50,0.9,7,extra5,50,45,121307731,27,21126,data/BV/n50/dod90/replica7.json
BV,bursty,time_varying,50,0.9,8,extra5,50,45,121308731,4,21108,data/BV/n50/dod90/replica8.json
BV,bursty,time_varying,50,0.9,9,extra5,50,45,121309731,19,21135,data/BV/n50/dod90/replica9.json
BV,bursty,time_varying,50,0.95,0,formal,50,47,21310731,15,21139,data/BV/n50/dod95/replica0.json
BV,bursty,time_varying,50,0.95,1,formal,50,47,21310831,27,21126,data/BV/n50/dod95/replica1.json
BV,bursty,time_varying,50,0.95,2,formal,50,47,21310931,40,21135,data/BV/n50/dod95/replica2.json
BV,bursty,time_varying,50,0.95,3,formal,50,47,21311031,48,21190,data/BV/n50/dod95/replica3.json
BV,bursty,time_varying,50,0.95,4,formal,50,47,21311131,21,21142,data/BV/n50/dod95/replica4.json
BV,bursty,time_varying,50,0.95,5,extra5,50,47,121315731,7,21136,data/BV/n50/dod95/replica5.json
BV,bursty,time_varying,50,0.95,6,extra5,50,47,121316731,15,21123,data/BV/n50/dod95/replica6.json
BV,bursty,time_varying,50,0.95,7,extra5,50,47,121317731,39,21143,data/BV/n50/dod95/replica7.json
BV,bursty,time_varying,50,0.95,8,extra5,50,47,121318731,47,21142,data/BV/n50/dod95/replica8.json
BV,bursty,time_varying,50,0.95,9,extra5,50,47,121319732,11,21150,data/BV/n50/dod95/replica9.json
BV,bursty,time_varying,100,0.0,0,formal,100,0,22260731,235,38943,data/BV/n100/dod0/replica0.json
BV,bursty,time_varying,100,0.0,1,formal,100,0,22260831,107,38941,data/BV/n100/dod0/replica1.json
BV,bursty,time_varying,100,0.0,2,formal,100,0,22260931,216,38970,data/BV/n100/dod0/replica2.json
BV,bursty,time_varying,100,0.0,3,formal,100,0,22261031,99,38950,data/BV/n100/dod0/replica3.json
BV,bursty,time_varying,100,0.0,4,formal,100,0,22261131,234,38996,data/BV/n100/dod0/replica4.json
BV,bursty,time_varying,100,0.0,5,extra5,100,0,122265731,133,38977,data/BV/n100/dod0/replica5.json
BV,bursty,time_varying,100,0.0,6,extra5,100,0,122266731,268,38959,data/BV/n100/dod0/replica6.json
BV,bursty,time_varying,100,0.0,7,extra5,100,0,122267731,217,38974,data/BV/n100/dod0/replica7.json
BV,bursty,time_varying,100,0.0,8,extra5,100,0,122268731,256,38965,data/BV/n100/dod0/replica8.json
BV,bursty,time_varying,100,0.0,9,extra5,100,0,122269731,96,38953,data/BV/n100/dod0/replica9.json
BV,bursty,time_varying,100,0.2,0,formal,100,20,22270731,51,38984,data/BV/n100/dod20/replica0.json
BV,bursty,time_varying,100,0.2,1,formal,100,20,22270831,25,38976,data/BV/n100/dod20/replica1.json
BV,bursty,time_varying,100,0.2,2,formal,100,20,22270931,49,38994,data/BV/n100/dod20/replica2.json
BV,bursty,time_varying,100,0.2,3,formal,100,20,22271031,49,39078,data/BV/n100/dod20/replica3.json
BV,bursty,time_varying,100,0.2,4,formal,100,20,22271131,33,38964,data/BV/n100/dod20/replica4.json
BV,bursty,time_varying,100,0.2,5,extra5,100,20,122275731,36,39067,data/BV/n100/dod20/replica5.json
BV,bursty,time_varying,100,0.2,6,extra5,100,20,122276731,49,39039,data/BV/n100/dod20/replica6.json
BV,bursty,time_varying,100,0.2,7,extra5,100,20,122277731,18,39009,data/BV/n100/dod20/replica7.json
BV,bursty,time_varying,100,0.2,8,extra5,100,20,122278731,56,38992,data/BV/n100/dod20/replica8.json
BV,bursty,time_varying,100,0.2,9,extra5,100,20,122279731,49,38979,data/BV/n100/dod20/replica9.json
BV,bursty,time_varying,100,0.5,0,formal,100,50,22280731,25,39087,data/BV/n100/dod50/replica0.json
BV,bursty,time_varying,100,0.5,1,formal,100,50,22280831,21,39099,data/BV/n100/dod50/replica1.json
BV,bursty,time_varying,100,0.5,2,formal,100,50,22280931,14,39057,data/BV/n100/dod50/replica2.json
BV,bursty,time_varying,100,0.5,3,formal,100,50,22281031,28,39132,data/BV/n100/dod50/replica3.json
BV,bursty,time_varying,100,0.5,4,formal,100,50,22281131,15,39066,data/BV/n100/dod50/replica4.json
BV,bursty,time_varying,100,0.5,5,extra5,100,50,122285731,27,39060,data/BV/n100/dod50/replica5.json
BV,bursty,time_varying,100,0.5,6,extra5,100,50,122286731,18,39050,data/BV/n100/dod50/replica6.json
BV,bursty,time_varying,100,0.5,7,extra5,100,50,122287731,13,39061,data/BV/n100/dod50/replica7.json
BV,bursty,time_varying,100,0.5,8,extra5,100,50,122288731,4,39057,data/BV/n100/dod50/replica8.json
BV,bursty,time_varying,100,0.5,9,extra5,100,50,122289731,52,39047,data/BV/n100/dod50/replica9.json
BV,bursty,time_varying,100,0.8,0,formal,100,80,22290732,37,39080,data/BV/n100/dod80/replica0.json
BV,bursty,time_varying,100,0.8,1,formal,100,80,22290831,33,39023,data/BV/n100/dod80/replica1.json
BV,bursty,time_varying,100,0.8,2,formal,100,80,22290931,16,39070,data/BV/n100/dod80/replica2.json
BV,bursty,time_varying,100,0.8,3,formal,100,80,22291031,20,39074,data/BV/n100/dod80/replica3.json
BV,bursty,time_varying,100,0.8,4,formal,100,80,22291131,16,39109,data/BV/n100/dod80/replica4.json
BV,bursty,time_varying,100,0.8,5,extra5,100,80,122295733,29,39096,data/BV/n100/dod80/replica5.json
BV,bursty,time_varying,100,0.8,6,extra5,100,80,122296731,35,39094,data/BV/n100/dod80/replica6.json
BV,bursty,time_varying,100,0.8,7,extra5,100,80,122297731,10,39126,data/BV/n100/dod80/replica7.json
BV,bursty,time_varying,100,0.8,8,extra5,100,80,122298731,1,39076,data/BV/n100/dod80/replica8.json
BV,bursty,time_varying,100,0.8,9,extra5,100,80,122299731,34,39041,data/BV/n100/dod80/replica9.json
BV,bursty,time_varying,100,0.9,0,formal,100,90,22300731,21,39096,data/BV/n100/dod90/replica0.json
BV,bursty,time_varying,100,0.9,1,formal,100,90,22300831,20,39026,data/BV/n100/dod90/replica1.json
BV,bursty,time_varying,100,0.9,2,formal,100,90,22300931,15,39118,data/BV/n100/dod90/replica2.json
BV,bursty,time_varying,100,0.9,3,formal,100,90,22301031,7,39109,data/BV/n100/dod90/replica3.json
BV,bursty,time_varying,100,0.9,4,formal,100,90,22301131,40,39114,data/BV/n100/dod90/replica4.json
BV,bursty,time_varying,100,0.9,5,extra5,100,90,122305731,9,39133,data/BV/n100/dod90/replica5.json
BV,bursty,time_varying,100,0.9,6,extra5,100,90,122306731,17,39099,data/BV/n100/dod90/replica6.json
BV,bursty,time_varying,100,0.9,7,extra5,100,90,122307731,26,39111,data/BV/n100/dod90/replica7.json
BV,bursty,time_varying,100,0.9,8,extra5,100,90,122308731,2,39090,data/BV/n100/dod90/replica8.json
BV,bursty,time_varying,100,0.9,9,extra5,100,90,122309731,6,39129,data/BV/n100/dod90/replica9.json
BV,bursty,time_varying,100,0.95,0,formal,100,95,22310731,46,39065,data/BV/n100/dod95/replica0.json
BV,bursty,time_varying,100,0.95,1,formal,100,95,22310831,23,39124,data/BV/n100/dod95/replica1.json
BV,bursty,time_varying,100,0.95,2,formal,100,95,22310931,21,39091,data/BV/n100/dod95/replica2.json
BV,bursty,time_varying,100,0.95,3,formal,100,95,22311031,36,39158,data/BV/n100/dod95/replica3.json
BV,bursty,time_varying,100,0.95,4,formal,100,95,22311132,19,39132,data/BV/n100/dod95/replica4.json
BV,bursty,time_varying,100,0.95,5,extra5,100,95,122315731,22,39056,data/BV/n100/dod95/replica5.json
BV,bursty,time_varying,100,0.95,6,extra5,100,95,122316731,10,39103,data/BV/n100/dod95/replica6.json
BV,bursty,time_varying,100,0.95,7,extra5,100,95,122317731,22,39063,data/BV/n100/dod95/replica7.json
BV,bursty,time_varying,100,0.95,8,extra5,100,95,122318731,29,39133,data/BV/n100/dod95/replica8.json
BV,bursty,time_varying,100,0.95,9,extra5,100,95,122319731,26,39091,data/BV/n100/dod95/replica9.json
BV,bursty,time_varying,200,0.0,0,formal,200,0,23260731,220,74945,data/BV/n200/dod0/replica0.json
BV,bursty,time_varying,200,0.0,1,formal,200,0,23260831,216,74855,data/BV/n200/dod0/replica1.json
BV,bursty,time_varying,200,0.0,2,formal,200,0,23260931,137,74863,data/BV/n200/dod0/replica2.json
BV,bursty,time_varying,200,0.0,3,formal,200,0,23261031,229,74880,data/BV/n200/dod0/replica3.json
BV,bursty,time_varying,200,0.0,4,formal,200,0,23261131,253,74935,data/BV/n200/dod0/replica4.json
BV,bursty,time_varying,200,0.0,5,extra5,200,0,123265731,187,74824,data/BV/n200/dod0/replica5.json
BV,bursty,time_varying,200,0.0,6,extra5,200,0,123266731,57,74878,data/BV/n200/dod0/replica6.json
BV,bursty,time_varying,200,0.0,7,extra5,200,0,123267731,249,74878,data/BV/n200/dod0/replica7.json
BV,bursty,time_varying,200,0.0,8,extra5,200,0,123268731,25,74855,data/BV/n200/dod0/replica8.json
BV,bursty,time_varying,200,0.0,9,extra5,200,0,123269731,114,74832,data/BV/n200/dod0/replica9.json
BV,bursty,time_varying,200,0.2,0,formal,200,40,23270731,29,74882,data/BV/n200/dod20/replica0.json
BV,bursty,time_varying,200,0.2,1,formal,200,40,23270831,20,74940,data/BV/n200/dod20/replica1.json
BV,bursty,time_varying,200,0.2,2,formal,200,40,23270931,11,74928,data/BV/n200/dod20/replica2.json
BV,bursty,time_varying,200,0.2,3,formal,200,40,23271031,8,74958,data/BV/n200/dod20/replica3.json
BV,bursty,time_varying,200,0.2,4,formal,200,40,23271132,35,74985,data/BV/n200/dod20/replica4.json
BV,bursty,time_varying,200,0.2,5,extra5,200,40,123275731,29,74919,data/BV/n200/dod20/replica5.json
BV,bursty,time_varying,200,0.2,6,extra5,200,40,123276731,17,74942,data/BV/n200/dod20/replica6.json
BV,bursty,time_varying,200,0.2,7,extra5,200,40,123277731,18,74984,data/BV/n200/dod20/replica7.json
BV,bursty,time_varying,200,0.2,8,extra5,200,40,123278731,22,74915,data/BV/n200/dod20/replica8.json
BV,bursty,time_varying,200,0.2,9,extra5,200,40,123279731,22,75053,data/BV/n200/dod20/replica9.json
BV,bursty,time_varying,200,0.5,0,formal,200,100,23280731,6,75007,data/BV/n200/dod50/replica0.json
BV,bursty,time_varying,200,0.5,1,formal,200,100,23280834,0,74976,data/BV/n200/dod50/replica1.json
BV,bursty,time_varying,200,0.5,2,formal,200,100,23280931,12,74999,data/BV/n200/dod50/replica2.json
BV,bursty,time_varying,200,0.5,3,formal,200,100,23281033,0,74968,data/BV/n200/dod50/replica3.json
BV,bursty,time_varying,200,0.5,4,formal,200,100,23281133,19,74924,data/BV/n200/dod50/replica4.json
BV,bursty,time_varying,200,0.5,5,extra5,200,100,123285731,11,75025,data/BV/n200/dod50/replica5.json
BV,bursty,time_varying,200,0.5,6,extra5,200,100,123286731,12,75071,data/BV/n200/dod50/replica6.json
BV,bursty,time_varying,200,0.5,7,extra5,200,100,123287735,2,75036,data/BV/n200/dod50/replica7.json
BV,bursty,time_varying,200,0.5,8,extra5,200,100,123288731,7,74903,data/BV/n200/dod50/replica8.json
BV,bursty,time_varying,200,0.5,9,extra5,200,100,123289732,1,75019,data/BV/n200/dod50/replica9.json
BV,bursty,time_varying,200,0.8,0,formal,200,160,23290736,2,74985,data/BV/n200/dod80/replica0.json
BV,bursty,time_varying,200,0.8,1,formal,200,160,23290831,1,75015,data/BV/n200/dod80/replica1.json
BV,bursty,time_varying,200,0.8,2,formal,200,160,23290931,13,75026,data/BV/n200/dod80/replica2.json
BV,bursty,time_varying,200,0.8,3,formal,200,160,23291032,1,75025,data/BV/n200/dod80/replica3.json
BV,bursty,time_varying,200,0.8,4,formal,200,160,23291133,9,74982,data/BV/n200/dod80/replica4.json
BV,bursty,time_varying,200,0.8,5,extra5,200,160,123295731,11,75116,data/BV/n200/dod80/replica5.json
BV,bursty,time_varying,200,0.8,6,extra5,200,160,123296734,0,75023,data/BV/n200/dod80/replica6.json
BV,bursty,time_varying,200,0.8,7,extra5,200,160,123297732,5,75023,data/BV/n200/dod80/replica7.json
BV,bursty,time_varying,200,0.8,8,extra5,200,160,123298734,1,74961,data/BV/n200/dod80/replica8.json
BV,bursty,time_varying,200,0.8,9,extra5,200,160,123299733,18,75013,data/BV/n200/dod80/replica9.json
BV,bursty,time_varying,200,0.9,0,formal,200,180,23300732,4,75034,data/BV/n200/dod90/replica0.json
BV,bursty,time_varying,200,0.9,1,formal,200,180,23300835,13,74987,data/BV/n200/dod90/replica1.json
BV,bursty,time_varying,200,0.9,2,formal,200,180,23300932,6,75014,data/BV/n200/dod90/replica2.json
BV,bursty,time_varying,200,0.9,3,formal,200,180,23301031,7,74974,data/BV/n200/dod90/replica3.json
BV,bursty,time_varying,200,0.9,4,formal,200,180,23301133,2,74927,data/BV/n200/dod90/replica4.json
BV,bursty,time_varying,200,0.9,5,extra5,200,180,123305731,15,75047,data/BV/n200/dod90/replica5.json
BV,bursty,time_varying,200,0.9,6,extra5,200,180,123306731,4,74958,data/BV/n200/dod90/replica6.json
BV,bursty,time_varying,200,0.9,7,extra5,200,180,123307732,5,74982,data/BV/n200/dod90/replica7.json
BV,bursty,time_varying,200,0.9,8,extra5,200,180,123308732,1,74981,data/BV/n200/dod90/replica8.json
BV,bursty,time_varying,200,0.9,9,extra5,200,180,123309733,3,75000,data/BV/n200/dod90/replica9.json
BV,bursty,time_varying,200,0.95,0,formal,200,190,23310731,6,75011,data/BV/n200/dod95/replica0.json
BV,bursty,time_varying,200,0.95,1,formal,200,190,23310831,2,74980,data/BV/n200/dod95/replica1.json
BV,bursty,time_varying,200,0.95,2,formal,200,190,23310932,2,74996,data/BV/n200/dod95/replica2.json
BV,bursty,time_varying,200,0.95,3,formal,200,190,23311034,6,75026,data/BV/n200/dod95/replica3.json
BV,bursty,time_varying,200,0.95,4,formal,200,190,23311131,10,74955,data/BV/n200/dod95/replica4.json
BV,bursty,time_varying,200,0.95,5,extra5,200,190,123315731,2,75094,data/BV/n200/dod95/replica5.json
BV,bursty,time_varying,200,0.95,6,extra5,200,190,123316733,10,74994,data/BV/n200/dod95/replica6.json
BV,bursty,time_varying,200,0.95,7,extra5,200,190,123317735,1,75043,data/BV/n200/dod95/replica7.json
BV,bursty,time_varying,200,0.95,8,extra5,200,190,123318732,7,74980,data/BV/n200/dod95/replica8.json
BV,bursty,time_varying,200,0.95,9,extra5,200,190,123319732,12,74923,data/BV/n200/dod95/replica9.json
BV,bursty,time_varying,500,0.0,0,formal,500,0,24260731,73,182570,data/BV/n500/dod0/replica0.json
BV,bursty,time_varying,500,0.0,1,formal,500,0,24260831,138,182682,data/BV/n500/dod0/replica1.json
BV,bursty,time_varying,500,0.0,2,formal,500,0,24260931,137,182538,data/BV/n500/dod0/replica2.json
BV,bursty,time_varying,500,0.0,3,formal,500,0,24261031,169,182582,data/BV/n500/dod0/replica3.json
BV,bursty,time_varying,500,0.0,4,formal,500,0,24261131,189,182541,data/BV/n500/dod0/replica4.json
BV,bursty,time_varying,500,0.0,5,extra5,500,0,124265731,100,182692,data/BV/n500/dod0/replica5.json
BV,bursty,time_varying,500,0.0,6,extra5,500,0,124266731,70,182594,data/BV/n500/dod0/replica6.json
BV,bursty,time_varying,500,0.0,7,extra5,500,0,124267731,145,182552,data/BV/n500/dod0/replica7.json
BV,bursty,time_varying,500,0.0,8,extra5,500,0,124268731,202,182603,data/BV/n500/dod0/replica8.json
BV,bursty,time_varying,500,0.0,9,extra5,500,0,124269731,115,182703,data/BV/n500/dod0/replica9.json
BV,bursty,time_varying,500,0.2,0,formal,500,100,24270731,7,182784,data/BV/n500/dod20/replica0.json
BV,bursty,time_varying,500,0.2,1,formal,500,100,24270831,10,182753,data/BV/n500/dod20/replica1.json
BV,bursty,time_varying,500,0.2,2,formal,500,100,24270939,1,182848,data/BV/n500/dod20/replica2.json
BV,bursty,time_varying,500,0.2,3,formal,500,100,24271031,12,182753,data/BV/n500/dod20/replica3.json
BV,bursty,time_varying,500,0.2,4,formal,500,100,24271131,2,182889,data/BV/n500/dod20/replica4.json
BV,bursty,time_varying,500,0.2,5,extra5,500,100,124275734,10,182848,data/BV/n500/dod20/replica5.json
BV,bursty,time_varying,500,0.2,6,extra5,500,100,124276732,1,182686,data/BV/n500/dod20/replica6.json
BV,bursty,time_varying,500,0.2,7,extra5,500,100,124277734,6,182851,data/BV/n500/dod20/replica7.json
BV,bursty,time_varying,500,0.2,8,extra5,500,100,124278735,8,182667,data/BV/n500/dod20/replica8.json
BV,bursty,time_varying,500,0.2,9,extra5,500,100,124279733,11,182744,data/BV/n500/dod20/replica9.json
BV,bursty,time_varying,500,0.5,0,formal,500,250,24280733,3,182726,data/BV/n500/dod50/replica0.json
BV,bursty,time_varying,500,0.5,1,formal,500,250,24280838,4,182795,data/BV/n500/dod50/replica1.json
BV,bursty,time_varying,500,0.5,2,formal,500,250,24280931,10,182859,data/BV/n500/dod50/replica2.json
BV,bursty,time_varying,500,0.5,3,formal,500,250,24281040,3,182778,data/BV/n500/dod50/replica3.json
BV,bursty,time_varying,500,0.5,4,formal,500,250,24281144,6,182719,data/BV/n500/dod50/replica4.json
BV,bursty,time_varying,500,0.5,5,extra5,500,250,124285738,2,182738,data/BV/n500/dod50/replica5.json
BV,bursty,time_varying,500,0.5,6,extra5,500,250,124286731,1,182788,data/BV/n500/dod50/replica6.json
BV,bursty,time_varying,500,0.5,7,extra5,500,250,124287732,12,182837,data/BV/n500/dod50/replica7.json
BV,bursty,time_varying,500,0.5,8,extra5,500,250,124288733,5,182745,data/BV/n500/dod50/replica8.json
BV,bursty,time_varying,500,0.5,9,extra5,500,250,124289733,2,182760,data/BV/n500/dod50/replica9.json
BV,bursty,time_varying,500,0.8,0,formal,500,400,24290741,7,182766,data/BV/n500/dod80/replica0.json
BV,bursty,time_varying,500,0.8,1,formal,500,400,24290852,1,182759,data/BV/n500/dod80/replica1.json
BV,bursty,time_varying,500,0.8,2,formal,500,400,24290941,2,182717,data/BV/n500/dod80/replica2.json
BV,bursty,time_varying,500,0.8,3,formal,500,400,24291047,1,182751,data/BV/n500/dod80/replica3.json
BV,bursty,time_varying,500,0.8,4,formal,500,400,24291134,0,182690,data/BV/n500/dod80/replica4.json
BV,bursty,time_varying,500,0.8,5,extra5,500,400,124295732,7,182612,data/BV/n500/dod80/replica5.json
BV,bursty,time_varying,500,0.8,6,extra5,500,400,124296739,0,182736,data/BV/n500/dod80/replica6.json
BV,bursty,time_varying,500,0.8,7,extra5,500,400,124297775,11,182726,data/BV/n500/dod80/replica7.json
BV,bursty,time_varying,500,0.8,8,extra5,500,400,124298741,7,182763,data/BV/n500/dod80/replica8.json
BV,bursty,time_varying,500,0.8,9,extra5,500,400,124299785,2,182765,data/BV/n500/dod80/replica9.json
BV,bursty,time_varying,500,0.9,0,formal,500,450,24300739,1,182735,data/BV/n500/dod90/replica0.json
BV,bursty,time_varying,500,0.9,1,formal,500,450,24300855,0,182806,data/BV/n500/dod90/replica1.json
BV,bursty,time_varying,500,0.9,2,formal,500,450,24300949,3,182734,data/BV/n500/dod90/replica2.json
BV,bursty,time_varying,500,0.9,3,formal,500,450,24301032,2,182706,data/BV/n500/dod90/replica3.json
BV,bursty,time_varying,500,0.9,4,formal,500,450,24301161,0,182755,data/BV/n500/dod90/replica4.json
BV,bursty,time_varying,500,0.9,5,extra5,500,450,124305784,0,182684,data/BV/n500/dod90/replica5.json
BV,bursty,time_varying,500,0.9,6,extra5,500,450,124306765,1,182745,data/BV/n500/dod90/replica6.json
BV,bursty,time_varying,500,0.9,7,extra5,500,450,124307732,5,182802,data/BV/n500/dod90/replica7.json
BV,bursty,time_varying,500,0.9,8,extra5,500,450,124308788,0,182727,data/BV/n500/dod90/replica8.json
BV,bursty,time_varying,500,0.9,9,extra5,500,450,124309745,2,182705,data/BV/n500/dod90/replica9.json
BV,bursty,time_varying,500,0.95,0,formal,500,475,24310810,1,182907,data/BV/n500/dod95/replica0.json
BV,bursty,time_varying,500,0.95,1,formal,500,475,24310834,0,182958,data/BV/n500/dod95/replica1.json
BV,bursty,time_varying,500,0.95,2,formal,500,475,24310999,3,182655,data/BV/n500/dod95/replica2.json
BV,bursty,time_varying,500,0.95,3,formal,500,475,24311061,3,182825,data/BV/n500/dod95/replica3.json
BV,bursty,time_varying,500,0.95,4,formal,500,475,24311165,0,182825,data/BV/n500/dod95/replica4.json
BV,bursty,time_varying,500,0.95,5,extra5,500,475,124315915,7,182819,data/BV/n500/dod95/replica5.json
BV,bursty,time_varying,500,0.95,6,extra5,500,475,124316830,0,182764,data/BV/n500/dod95/replica6.json
BV,bursty,time_varying,500,0.95,7,extra5,500,475,124317748,1,182619,data/BV/n500/dod95/replica7.json
BV,bursty,time_varying,500,0.95,8,extra5,500,475,124318734,0,182733,data/BV/n500/dod95/replica8.json
BV,bursty,time_varying,500,0.95,9,extra5,500,475,124319804,1,182663,data/BV/n500/dod95/replica9.json
RS,realistic_bursty,stationary,20,0.0,0,formal,20,0,20260731,136,11552,data/RS/n20/dod0/replica0.json
RS,realistic_bursty,stationary,20,0.0,1,formal,20,0,20260831,194,11547,data/RS/n20/dod0/replica1.json
RS,realistic_bursty,stationary,20,0.0,2,formal,20,0,20260931,146,11545,data/RS/n20/dod0/replica2.json
RS,realistic_bursty,stationary,20,0.0,3,formal,20,0,20261031,153,11555,data/RS/n20/dod0/replica3.json
RS,realistic_bursty,stationary,20,0.0,4,formal,20,0,20261131,266,11558,data/RS/n20/dod0/replica4.json
RS,realistic_bursty,stationary,20,0.0,5,extra5,20,0,120265731,51,11540,data/RS/n20/dod0/replica5.json
RS,realistic_bursty,stationary,20,0.0,6,extra5,20,0,120266731,78,11557,data/RS/n20/dod0/replica6.json
RS,realistic_bursty,stationary,20,0.0,7,extra5,20,0,120267731,188,11541,data/RS/n20/dod0/replica7.json
RS,realistic_bursty,stationary,20,0.0,8,extra5,20,0,120268731,65,11550,data/RS/n20/dod0/replica8.json
RS,realistic_bursty,stationary,20,0.0,9,extra5,20,0,120269731,129,11542,data/RS/n20/dod0/replica9.json
RS,realistic_bursty,stationary,20,0.2,0,formal,20,4,20270731,82,11561,data/RS/n20/dod20/replica0.json
RS,realistic_bursty,stationary,20,0.2,1,formal,20,4,20270831,71,11548,data/RS/n20/dod20/replica1.json
RS,realistic_bursty,stationary,20,0.2,2,formal,20,4,20270931,64,11555,data/RS/n20/dod20/replica2.json
RS,realistic_bursty,stationary,20,0.2,3,formal,20,4,20271031,88,11574,data/RS/n20/dod20/replica3.json
RS,realistic_bursty,stationary,20,0.2,4,formal,20,4,20271131,90,11548,data/RS/n20/dod20/replica4.json
RS,realistic_bursty,stationary,20,0.2,5,extra5,20,4,120275731,111,11557,data/RS/n20/dod20/replica5.json
RS,realistic_bursty,stationary,20,0.2,6,extra5,20,4,120276731,34,11543,data/RS/n20/dod20/replica6.json
RS,realistic_bursty,stationary,20,0.2,7,extra5,20,4,120277731,27,11562,data/RS/n20/dod20/replica7.json
RS,realistic_bursty,stationary,20,0.2,8,extra5,20,4,120278731,75,11564,data/RS/n20/dod20/replica8.json
RS,realistic_bursty,stationary,20,0.2,9,extra5,20,4,120279731,84,11554,data/RS/n20/dod20/replica9.json
RS,realistic_bursty,stationary,20,0.5,0,formal,20,10,20280731,66,11565,data/RS/n20/dod50/replica0.json
RS,realistic_bursty,stationary,20,0.5,1,formal,20,10,20280831,89,11547,data/RS/n20/dod50/replica1.json
RS,realistic_bursty,stationary,20,0.5,2,formal,20,10,20280931,59,11571,data/RS/n20/dod50/replica2.json
RS,realistic_bursty,stationary,20,0.5,3,formal,20,10,20281031,30,11563,data/RS/n20/dod50/replica3.json
RS,realistic_bursty,stationary,20,0.5,4,formal,20,10,20281131,57,11562,data/RS/n20/dod50/replica4.json
RS,realistic_bursty,stationary,20,0.5,5,extra5,20,10,120285731,60,11556,data/RS/n20/dod50/replica5.json
RS,realistic_bursty,stationary,20,0.5,6,extra5,20,10,120286731,78,11563,data/RS/n20/dod50/replica6.json
RS,realistic_bursty,stationary,20,0.5,7,extra5,20,10,120287731,42,11558,data/RS/n20/dod50/replica7.json
RS,realistic_bursty,stationary,20,0.5,8,extra5,20,10,120288731,53,11560,data/RS/n20/dod50/replica8.json
RS,realistic_bursty,stationary,20,0.5,9,extra5,20,10,120289731,45,11567,data/RS/n20/dod50/replica9.json
RS,realistic_bursty,stationary,20,0.8,0,formal,20,16,20290731,62,11561,data/RS/n20/dod80/replica0.json
RS,realistic_bursty,stationary,20,0.8,1,formal,20,16,20290831,19,11538,data/RS/n20/dod80/replica1.json
RS,realistic_bursty,stationary,20,0.8,2,formal,20,16,20290931,19,11560,data/RS/n20/dod80/replica2.json
RS,realistic_bursty,stationary,20,0.8,3,formal,20,16,20291031,34,11549,data/RS/n20/dod80/replica3.json
RS,realistic_bursty,stationary,20,0.8,4,formal,20,16,20291131,39,11571,data/RS/n20/dod80/replica4.json
RS,realistic_bursty,stationary,20,0.8,5,extra5,20,16,120295731,72,11564,data/RS/n20/dod80/replica5.json
RS,realistic_bursty,stationary,20,0.8,6,extra5,20,16,120296731,17,11560,data/RS/n20/dod80/replica6.json
RS,realistic_bursty,stationary,20,0.8,7,extra5,20,16,120297731,38,11570,data/RS/n20/dod80/replica7.json
RS,realistic_bursty,stationary,20,0.8,8,extra5,20,16,120298731,42,11579,data/RS/n20/dod80/replica8.json
RS,realistic_bursty,stationary,20,0.8,9,extra5,20,16,120299731,10,11570,data/RS/n20/dod80/replica9.json
RS,realistic_bursty,stationary,20,0.9,0,formal,20,18,20300731,50,11555,data/RS/n20/dod90/replica0.json
RS,realistic_bursty,stationary,20,0.9,1,formal,20,18,20300831,62,11557,data/RS/n20/dod90/replica1.json
RS,realistic_bursty,stationary,20,0.9,2,formal,20,18,20300931,25,11583,data/RS/n20/dod90/replica2.json
RS,realistic_bursty,stationary,20,0.9,3,formal,20,18,20301031,38,11554,data/RS/n20/dod90/replica3.json
RS,realistic_bursty,stationary,20,0.9,4,formal,20,18,20301131,38,11553,data/RS/n20/dod90/replica4.json
RS,realistic_bursty,stationary,20,0.9,5,extra5,20,18,120305731,18,11559,data/RS/n20/dod90/replica5.json
RS,realistic_bursty,stationary,20,0.9,6,extra5,20,18,120306732,33,11555,data/RS/n20/dod90/replica6.json
RS,realistic_bursty,stationary,20,0.9,7,extra5,20,18,120307731,36,11565,data/RS/n20/dod90/replica7.json
RS,realistic_bursty,stationary,20,0.9,8,extra5,20,18,120308731,53,11580,data/RS/n20/dod90/replica8.json
RS,realistic_bursty,stationary,20,0.9,9,extra5,20,18,120309731,1,11574,data/RS/n20/dod90/replica9.json
RS,realistic_bursty,stationary,20,0.95,0,formal,20,19,20310731,35,11565,data/RS/n20/dod95/replica0.json
RS,realistic_bursty,stationary,20,0.95,1,formal,20,19,20310832,28,11558,data/RS/n20/dod95/replica1.json
RS,realistic_bursty,stationary,20,0.95,2,formal,20,19,20310931,66,11555,data/RS/n20/dod95/replica2.json
RS,realistic_bursty,stationary,20,0.95,3,formal,20,19,20311031,40,11568,data/RS/n20/dod95/replica3.json
RS,realistic_bursty,stationary,20,0.95,4,formal,20,19,20311131,47,11550,data/RS/n20/dod95/replica4.json
RS,realistic_bursty,stationary,20,0.95,5,extra5,20,19,120315731,45,11566,data/RS/n20/dod95/replica5.json
RS,realistic_bursty,stationary,20,0.95,6,extra5,20,19,120316731,59,11550,data/RS/n20/dod95/replica6.json
RS,realistic_bursty,stationary,20,0.95,7,extra5,20,19,120317731,39,11591,data/RS/n20/dod95/replica7.json
RS,realistic_bursty,stationary,20,0.95,8,extra5,20,19,120318731,44,11566,data/RS/n20/dod95/replica8.json
RS,realistic_bursty,stationary,20,0.95,9,extra5,20,19,120319731,36,11574,data/RS/n20/dod95/replica9.json
RS,realistic_bursty,stationary,50,0.0,0,formal,50,0,21260731,106,22513,data/RS/n50/dod0/replica0.json
RS,realistic_bursty,stationary,50,0.0,1,formal,50,0,21260831,110,22526,data/RS/n50/dod0/replica1.json
RS,realistic_bursty,stationary,50,0.0,2,formal,50,0,21260931,55,22536,data/RS/n50/dod0/replica2.json
RS,realistic_bursty,stationary,50,0.0,3,formal,50,0,21261031,190,22512,data/RS/n50/dod0/replica3.json
RS,realistic_bursty,stationary,50,0.0,4,formal,50,0,21261131,86,22511,data/RS/n50/dod0/replica4.json
RS,realistic_bursty,stationary,50,0.0,5,extra5,50,0,121265731,144,22537,data/RS/n50/dod0/replica5.json
RS,realistic_bursty,stationary,50,0.0,6,extra5,50,0,121266731,132,22520,data/RS/n50/dod0/replica6.json
RS,realistic_bursty,stationary,50,0.0,7,extra5,50,0,121267731,118,22512,data/RS/n50/dod0/replica7.json
RS,realistic_bursty,stationary,50,0.0,8,extra5,50,0,121268731,63,22514,data/RS/n50/dod0/replica8.json
RS,realistic_bursty,stationary,50,0.0,9,extra5,50,0,121269731,238,22524,data/RS/n50/dod0/replica9.json
RS,realistic_bursty,stationary,50,0.2,0,formal,50,10,21270731,69,22529,data/RS/n50/dod20/replica0.json
RS,realistic_bursty,stationary,50,0.2,1,formal,50,10,21270831,16,22544,data/RS/n50/dod20/replica1.json
RS,realistic_bursty,stationary,50,0.2,2,formal,50,10,21270931,29,22510,data/RS/n50/dod20/replica2.json
RS,realistic_bursty,stationary,50,0.2,3,formal,50,10,21271031,23,22539,data/RS/n50/dod20/replica3.json
RS,realistic_bursty,stationary,50,0.2,4,formal,50,10,21271131,62,22539,data/RS/n50/dod20/replica4.json
RS,realistic_bursty,stationary,50,0.2,5,extra5,50,10,121275731,65,22536,data/RS/n50/dod20/replica5.json
RS,realistic_bursty,stationary,50,0.2,6,extra5,50,10,121276731,81,22537,data/RS/n50/dod20/replica6.json
RS,realistic_bursty,stationary,50,0.2,7,extra5,50,10,121277731,65,22533,data/RS/n50/dod20/replica7.json
RS,realistic_bursty,stationary,50,0.2,8,extra5,50,10,121278731,43,22538,data/RS/n50/dod20/replica8.json
RS,realistic_bursty,stationary,50,0.2,9,extra5,50,10,121279731,42,22545,data/RS/n50/dod20/replica9.json
RS,realistic_bursty,stationary,50,0.5,0,formal,50,25,21280731,18,22569,data/RS/n50/dod50/replica0.json
RS,realistic_bursty,stationary,50,0.5,1,formal,50,25,21280831,21,22534,data/RS/n50/dod50/replica1.json
RS,realistic_bursty,stationary,50,0.5,2,formal,50,25,21280931,42,22536,data/RS/n50/dod50/replica2.json
RS,realistic_bursty,stationary,50,0.5,3,formal,50,25,21281032,31,22545,data/RS/n50/dod50/replica3.json
RS,realistic_bursty,stationary,50,0.5,4,formal,50,25,21281131,45,22550,data/RS/n50/dod50/replica4.json
RS,realistic_bursty,stationary,50,0.5,5,extra5,50,25,121285731,18,22529,data/RS/n50/dod50/replica5.json
RS,realistic_bursty,stationary,50,0.5,6,extra5,50,25,121286731,19,22549,data/RS/n50/dod50/replica6.json
RS,realistic_bursty,stationary,50,0.5,7,extra5,50,25,121287731,15,22536,data/RS/n50/dod50/replica7.json
RS,realistic_bursty,stationary,50,0.5,8,extra5,50,25,121288731,60,22542,data/RS/n50/dod50/replica8.json
RS,realistic_bursty,stationary,50,0.5,9,extra5,50,25,121289731,49,22529,data/RS/n50/dod50/replica9.json
RS,realistic_bursty,stationary,50,0.8,0,formal,50,40,21290731,39,22513,data/RS/n50/dod80/replica0.json
RS,realistic_bursty,stationary,50,0.8,1,formal,50,40,21290831,24,22553,data/RS/n50/dod80/replica1.json
RS,realistic_bursty,stationary,50,0.8,2,formal,50,40,21290932,9,22541,data/RS/n50/dod80/replica2.json
RS,realistic_bursty,stationary,50,0.8,3,formal,50,40,21291031,27,22551,data/RS/n50/dod80/replica3.json
RS,realistic_bursty,stationary,50,0.8,4,formal,50,40,21291131,10,22554,data/RS/n50/dod80/replica4.json
RS,realistic_bursty,stationary,50,0.8,5,extra5,50,40,121295731,27,22567,data/RS/n50/dod80/replica5.json
RS,realistic_bursty,stationary,50,0.8,6,extra5,50,40,121296731,20,22545,data/RS/n50/dod80/replica6.json
RS,realistic_bursty,stationary,50,0.8,7,extra5,50,40,121297731,26,22550,data/RS/n50/dod80/replica7.json
RS,realistic_bursty,stationary,50,0.8,8,extra5,50,40,121298731,2,22531,data/RS/n50/dod80/replica8.json
RS,realistic_bursty,stationary,50,0.8,9,extra5,50,40,121299731,38,22564,data/RS/n50/dod80/replica9.json
RS,realistic_bursty,stationary,50,0.9,0,formal,50,45,21300732,32,22552,data/RS/n50/dod90/replica0.json
RS,realistic_bursty,stationary,50,0.9,1,formal,50,45,21300831,20,22563,data/RS/n50/dod90/replica1.json
RS,realistic_bursty,stationary,50,0.9,2,formal,50,45,21300931,29,22543,data/RS/n50/dod90/replica2.json
RS,realistic_bursty,stationary,50,0.9,3,formal,50,45,21301031,21,22574,data/RS/n50/dod90/replica3.json
RS,realistic_bursty,stationary,50,0.9,4,formal,50,45,21301131,5,22537,data/RS/n50/dod90/replica4.json
RS,realistic_bursty,stationary,50,0.9,5,extra5,50,45,121305731,6,22543,data/RS/n50/dod90/replica5.json
RS,realistic_bursty,stationary,50,0.9,6,extra5,50,45,121306731,10,22522,data/RS/n50/dod90/replica6.json
RS,realistic_bursty,stationary,50,0.9,7,extra5,50,45,121307731,28,22543,data/RS/n50/dod90/replica7.json
RS,realistic_bursty,stationary,50,0.9,8,extra5,50,45,121308731,18,22535,data/RS/n50/dod90/replica8.json
RS,realistic_bursty,stationary,50,0.9,9,extra5,50,45,121309731,35,22565,data/RS/n50/dod90/replica9.json
RS,realistic_bursty,stationary,50,0.95,0,formal,50,47,21310731,36,22529,data/RS/n50/dod95/replica0.json
RS,realistic_bursty,stationary,50,0.95,1,formal,50,47,21310831,7,22530,data/RS/n50/dod95/replica1.json
RS,realistic_bursty,stationary,50,0.95,2,formal,50,47,21310931,14,22543,data/RS/n50/dod95/replica2.json
RS,realistic_bursty,stationary,50,0.95,3,formal,50,47,21311031,24,22548,data/RS/n50/dod95/replica3.json
RS,realistic_bursty,stationary,50,0.95,4,formal,50,47,21311131,39,22512,data/RS/n50/dod95/replica4.json
RS,realistic_bursty,stationary,50,0.95,5,extra5,50,47,121315731,22,22559,data/RS/n50/dod95/replica5.json
RS,realistic_bursty,stationary,50,0.95,6,extra5,50,47,121316731,27,22546,data/RS/n50/dod95/replica6.json
RS,realistic_bursty,stationary,50,0.95,7,extra5,50,47,121317731,10,22537,data/RS/n50/dod95/replica7.json
RS,realistic_bursty,stationary,50,0.95,8,extra5,50,47,121318731,8,22546,data/RS/n50/dod95/replica8.json
RS,realistic_bursty,stationary,50,0.95,9,extra5,50,47,121319731,17,22582,data/RS/n50/dod95/replica9.json
RS,realistic_bursty,stationary,100,0.0,0,formal,100,0,22260731,78,40863,data/RS/n100/dod0/replica0.json
RS,realistic_bursty,stationary,100,0.0,1,formal,100,0,22260831,84,40875,data/RS/n100/dod0/replica1.json
RS,realistic_bursty,stationary,100,0.0,2,formal,100,0,22260931,100,40872,data/RS/n100/dod0/replica2.json
RS,realistic_bursty,stationary,100,0.0,3,formal,100,0,22261031,60,40864,data/RS/n100/dod0/replica3.json
RS,realistic_bursty,stationary,100,0.0,4,formal,100,0,22261131,247,40899,data/RS/n100/dod0/replica4.json
RS,realistic_bursty,stationary,100,0.0,5,extra5,100,0,122265731,115,40906,data/RS/n100/dod0/replica5.json
RS,realistic_bursty,stationary,100,0.0,6,extra5,100,0,122266731,137,40878,data/RS/n100/dod0/replica6.json
RS,realistic_bursty,stationary,100,0.0,7,extra5,100,0,122267731,41,40891,data/RS/n100/dod0/replica7.json
RS,realistic_bursty,stationary,100,0.0,8,extra5,100,0,122268731,114,40866,data/RS/n100/dod0/replica8.json
RS,realistic_bursty,stationary,100,0.0,9,extra5,100,0,122269731,95,40884,data/RS/n100/dod0/replica9.json
RS,realistic_bursty,stationary,100,0.2,0,formal,100,20,22270731,38,40911,data/RS/n100/dod20/replica0.json
RS,realistic_bursty,stationary,100,0.2,1,formal,100,20,22270831,22,40900,data/RS/n100/dod20/replica1.json
RS,realistic_bursty,stationary,100,0.2,2,formal,100,20,22270931,46,40937,data/RS/n100/dod20/replica2.json
RS,realistic_bursty,stationary,100,0.2,3,formal,100,20,22271031,38,40917,data/RS/n100/dod20/replica3.json
RS,realistic_bursty,stationary,100,0.2,4,formal,100,20,22271131,48,40870,data/RS/n100/dod20/replica4.json
RS,realistic_bursty,stationary,100,0.2,5,extra5,100,20,122275731,40,40888,data/RS/n100/dod20/replica5.json
RS,realistic_bursty,stationary,100,0.2,6,extra5,100,20,122276731,37,40895,data/RS/n100/dod20/replica6.json
RS,realistic_bursty,stationary,100,0.2,7,extra5,100,20,122277731,42,40892,data/RS/n100/dod20/replica7.json
RS,realistic_bursty,stationary,100,0.2,8,extra5,100,20,122278731,37,40948,data/RS/n100/dod20/replica8.json
RS,realistic_bursty,stationary,100,0.2,9,extra5,100,20,122279731,3,40914,data/RS/n100/dod20/replica9.json
RS,realistic_bursty,stationary,100,0.5,0,formal,100,50,22280731,31,40935,data/RS/n100/dod50/replica0.json
RS,realistic_bursty,stationary,100,0.5,1,formal,100,50,22280831,25,40931,data/RS/n100/dod50/replica1.json
RS,realistic_bursty,stationary,100,0.5,2,formal,100,50,22280931,35,40916,data/RS/n100/dod50/replica2.json
RS,realistic_bursty,stationary,100,0.5,3,formal,100,50,22281031,21,40937,data/RS/n100/dod50/replica3.json
RS,realistic_bursty,stationary,100,0.5,4,formal,100,50,22281131,22,40921,data/RS/n100/dod50/replica4.json
RS,realistic_bursty,stationary,100,0.5,5,extra5,100,50,122285731,17,40914,data/RS/n100/dod50/replica5.json
RS,realistic_bursty,stationary,100,0.5,6,extra5,100,50,122286731,7,40919,data/RS/n100/dod50/replica6.json
RS,realistic_bursty,stationary,100,0.5,7,extra5,100,50,122287731,31,40911,data/RS/n100/dod50/replica7.json
RS,realistic_bursty,stationary,100,0.5,8,extra5,100,50,122288731,29,40932,data/RS/n100/dod50/replica8.json
RS,realistic_bursty,stationary,100,0.5,9,extra5,100,50,122289731,48,40913,data/RS/n100/dod50/replica9.json
RS,realistic_bursty,stationary,100,0.8,0,formal,100,80,22290731,5,40908,data/RS/n100/dod80/replica0.json
RS,realistic_bursty,stationary,100,0.8,1,formal,100,80,22290831,16,40930,data/RS/n100/dod80/replica1.json
RS,realistic_bursty,stationary,100,0.8,2,formal,100,80,22290931,22,40967,data/RS/n100/dod80/replica2.json
RS,realistic_bursty,stationary,100,0.8,3,formal,100,80,22291031,25,40953,data/RS/n100/dod80/replica3.json
RS,realistic_bursty,stationary,100,0.8,4,formal,100,80,22291131,24,40948,data/RS/n100/dod80/replica4.json
RS,realistic_bursty,stationary,100,0.8,5,extra5,100,80,122295731,22,40951,data/RS/n100/dod80/replica5.json
RS,realistic_bursty,stationary,100,0.8,6,extra5,100,80,122296731,31,40963,data/RS/n100/dod80/replica6.json
RS,realistic_bursty,stationary,100,0.8,7,extra5,100,80,122297731,20,40910,data/RS/n100/dod80/replica7.json
RS,realistic_bursty,stationary,100,0.8,8,extra5,100,80,122298731,20,40903,data/RS/n100/dod80/replica8.json
RS,realistic_bursty,stationary,100,0.8,9,extra5,100,80,122299731,32,40897,data/RS/n100/dod80/replica9.json
RS,realistic_bursty,stationary,100,0.9,0,formal,100,90,22300731,11,40954,data/RS/n100/dod90/replica0.json
RS,realistic_bursty,stationary,100,0.9,1,formal,100,90,22300831,9,40883,data/RS/n100/dod90/replica1.json
RS,realistic_bursty,stationary,100,0.9,2,formal,100,90,22300931,21,40958,data/RS/n100/dod90/replica2.json
RS,realistic_bursty,stationary,100,0.9,3,formal,100,90,22301031,23,40914,data/RS/n100/dod90/replica3.json
RS,realistic_bursty,stationary,100,0.9,4,formal,100,90,22301131,33,40963,data/RS/n100/dod90/replica4.json
RS,realistic_bursty,stationary,100,0.9,5,extra5,100,90,122305731,12,40997,data/RS/n100/dod90/replica5.json
RS,realistic_bursty,stationary,100,0.9,6,extra5,100,90,122306732,24,40943,data/RS/n100/dod90/replica6.json
RS,realistic_bursty,stationary,100,0.9,7,extra5,100,90,122307731,19,40934,data/RS/n100/dod90/replica7.json
RS,realistic_bursty,stationary,100,0.9,8,extra5,100,90,122308731,11,40897,data/RS/n100/dod90/replica8.json
RS,realistic_bursty,stationary,100,0.9,9,extra5,100,90,122309731,10,40949,data/RS/n100/dod90/replica9.json
RS,realistic_bursty,stationary,100,0.95,0,formal,100,95,22310731,30,40911,data/RS/n100/dod95/replica0.json
RS,realistic_bursty,stationary,100,0.95,1,formal,100,95,22310831,13,40948,data/RS/n100/dod95/replica1.json
RS,realistic_bursty,stationary,100,0.95,2,formal,100,95,22310931,34,40924,data/RS/n100/dod95/replica2.json
RS,realistic_bursty,stationary,100,0.95,3,formal,100,95,22311031,4,40920,data/RS/n100/dod95/replica3.json
RS,realistic_bursty,stationary,100,0.95,4,formal,100,95,22311131,24,40906,data/RS/n100/dod95/replica4.json
RS,realistic_bursty,stationary,100,0.95,5,extra5,100,95,122315731,8,40929,data/RS/n100/dod95/replica5.json
RS,realistic_bursty,stationary,100,0.95,6,extra5,100,95,122316731,32,40901,data/RS/n100/dod95/replica6.json
RS,realistic_bursty,stationary,100,0.95,7,extra5,100,95,122317731,10,40926,data/RS/n100/dod95/replica7.json
RS,realistic_bursty,stationary,100,0.95,8,extra5,100,95,122318731,40,40946,data/RS/n100/dod95/replica8.json
RS,realistic_bursty,stationary,100,0.95,9,extra5,100,95,122319731,16,40937,data/RS/n100/dod95/replica9.json
RS,realistic_bursty,stationary,200,0.0,0,formal,200,0,23260731,101,77818,data/RS/n200/dod0/replica0.json
RS,realistic_bursty,stationary,200,0.0,1,formal,200,0,23260831,31,77793,data/RS/n200/dod0/replica1.json
RS,realistic_bursty,stationary,200,0.0,2,formal,200,0,23260931,63,77779,data/RS/n200/dod0/replica2.json
RS,realistic_bursty,stationary,200,0.0,3,formal,200,0,23261031,54,77827,data/RS/n200/dod0/replica3.json
RS,realistic_bursty,stationary,200,0.0,4,formal,200,0,23261131,85,77787,data/RS/n200/dod0/replica4.json
RS,realistic_bursty,stationary,200,0.0,5,extra5,200,0,123265731,41,77761,data/RS/n200/dod0/replica5.json
RS,realistic_bursty,stationary,200,0.0,6,extra5,200,0,123266731,60,77838,data/RS/n200/dod0/replica6.json
RS,realistic_bursty,stationary,200,0.0,7,extra5,200,0,123267731,107,77810,data/RS/n200/dod0/replica7.json
RS,realistic_bursty,stationary,200,0.0,8,extra5,200,0,123268731,79,77823,data/RS/n200/dod0/replica8.json
RS,realistic_bursty,stationary,200,0.0,9,extra5,200,0,123269731,46,77806,data/RS/n200/dod0/replica9.json
RS,realistic_bursty,stationary,200,0.2,0,formal,200,40,23270731,26,77801,data/RS/n200/dod20/replica0.json
RS,realistic_bursty,stationary,200,0.2,1,formal,200,40,23270831,40,77817,data/RS/n200/dod20/replica1.json
RS,realistic_bursty,stationary,200,0.2,2,formal,200,40,23270933,23,77818,data/RS/n200/dod20/replica2.json
RS,realistic_bursty,stationary,200,0.2,3,formal,200,40,23271031,0,77855,data/RS/n200/dod20/replica3.json
RS,realistic_bursty,stationary,200,0.2,4,formal,200,40,23271131,12,77855,data/RS/n200/dod20/replica4.json
RS,realistic_bursty,stationary,200,0.2,5,extra5,200,40,123275731,8,77893,data/RS/n200/dod20/replica5.json
RS,realistic_bursty,stationary,200,0.2,6,extra5,200,40,123276733,10,77799,data/RS/n200/dod20/replica6.json
RS,realistic_bursty,stationary,200,0.2,7,extra5,200,40,123277731,24,77859,data/RS/n200/dod20/replica7.json
RS,realistic_bursty,stationary,200,0.2,8,extra5,200,40,123278732,22,77823,data/RS/n200/dod20/replica8.json
RS,realistic_bursty,stationary,200,0.2,9,extra5,200,40,123279731,24,77840,data/RS/n200/dod20/replica9.json
RS,realistic_bursty,stationary,200,0.5,0,formal,200,100,23280731,14,77842,data/RS/n200/dod50/replica0.json
RS,realistic_bursty,stationary,200,0.5,1,formal,200,100,23280831,6,77850,data/RS/n200/dod50/replica1.json
RS,realistic_bursty,stationary,200,0.5,2,formal,200,100,23280931,6,77870,data/RS/n200/dod50/replica2.json
RS,realistic_bursty,stationary,200,0.5,3,formal,200,100,23281032,3,77871,data/RS/n200/dod50/replica3.json
RS,realistic_bursty,stationary,200,0.5,4,formal,200,100,23281134,7,77851,data/RS/n200/dod50/replica4.json
RS,realistic_bursty,stationary,200,0.5,5,extra5,200,100,123285731,13,77879,data/RS/n200/dod50/replica5.json
RS,realistic_bursty,stationary,200,0.5,6,extra5,200,100,123286731,29,77862,data/RS/n200/dod50/replica6.json
RS,realistic_bursty,stationary,200,0.5,7,extra5,200,100,123287731,18,77857,data/RS/n200/dod50/replica7.json
RS,realistic_bursty,stationary,200,0.5,8,extra5,200,100,123288731,15,77901,data/RS/n200/dod50/replica8.json
RS,realistic_bursty,stationary,200,0.5,9,extra5,200,100,123289732,7,77879,data/RS/n200/dod50/replica9.json
RS,realistic_bursty,stationary,200,0.8,0,formal,200,160,23290734,12,77907,data/RS/n200/dod80/replica0.json
RS,realistic_bursty,stationary,200,0.8,1,formal,200,160,23290831,3,77898,data/RS/n200/dod80/replica1.json
RS,realistic_bursty,stationary,200,0.8,2,formal,200,160,23290933,6,77859,data/RS/n200/dod80/replica2.json
RS,realistic_bursty,stationary,200,0.8,3,formal,200,160,23291032,2,77863,data/RS/n200/dod80/replica3.json
RS,realistic_bursty,stationary,200,0.8,4,formal,200,160,23291132,6,77888,data/RS/n200/dod80/replica4.json
RS,realistic_bursty,stationary,200,0.8,5,extra5,200,160,123295736,1,77859,data/RS/n200/dod80/replica5.json
RS,realistic_bursty,stationary,200,0.8,6,extra5,200,160,123296732,8,77877,data/RS/n200/dod80/replica6.json
RS,realistic_bursty,stationary,200,0.8,7,extra5,200,160,123297736,4,77904,data/RS/n200/dod80/replica7.json
RS,realistic_bursty,stationary,200,0.8,8,extra5,200,160,123298734,5,77897,data/RS/n200/dod80/replica8.json
RS,realistic_bursty,stationary,200,0.8,9,extra5,200,160,123299734,9,77882,data/RS/n200/dod80/replica9.json
RS,realistic_bursty,stationary,200,0.9,0,formal,200,180,23300734,2,77912,data/RS/n200/dod90/replica0.json
RS,realistic_bursty,stationary,200,0.9,1,formal,200,180,23300832,3,77890,data/RS/n200/dod90/replica1.json
RS,realistic_bursty,stationary,200,0.9,2,formal,200,180,23300932,11,77831,data/RS/n200/dod90/replica2.json
RS,realistic_bursty,stationary,200,0.9,3,formal,200,180,23301033,2,77852,data/RS/n200/dod90/replica3.json
RS,realistic_bursty,stationary,200,0.9,4,formal,200,180,23301132,17,77883,data/RS/n200/dod90/replica4.json
RS,realistic_bursty,stationary,200,0.9,5,extra5,200,180,123305732,16,77891,data/RS/n200/dod90/replica5.json
RS,realistic_bursty,stationary,200,0.9,6,extra5,200,180,123306731,12,77876,data/RS/n200/dod90/replica6.json
RS,realistic_bursty,stationary,200,0.9,7,extra5,200,180,123307734,3,77860,data/RS/n200/dod90/replica7.json
RS,realistic_bursty,stationary,200,0.9,8,extra5,200,180,123308734,21,77903,data/RS/n200/dod90/replica8.json
RS,realistic_bursty,stationary,200,0.9,9,extra5,200,180,123309732,3,77905,data/RS/n200/dod90/replica9.json
RS,realistic_bursty,stationary,200,0.95,0,formal,200,190,23310732,13,77864,data/RS/n200/dod95/replica0.json
RS,realistic_bursty,stationary,200,0.95,1,formal,200,190,23310836,6,77863,data/RS/n200/dod95/replica1.json
RS,realistic_bursty,stationary,200,0.95,2,formal,200,190,23310931,4,77933,data/RS/n200/dod95/replica2.json
RS,realistic_bursty,stationary,200,0.95,3,formal,200,190,23311031,6,77919,data/RS/n200/dod95/replica3.json
RS,realistic_bursty,stationary,200,0.95,4,formal,200,190,23311131,13,77887,data/RS/n200/dod95/replica4.json
RS,realistic_bursty,stationary,200,0.95,5,extra5,200,190,123315731,0,77918,data/RS/n200/dod95/replica5.json
RS,realistic_bursty,stationary,200,0.95,6,extra5,200,190,123316733,1,77903,data/RS/n200/dod95/replica6.json
RS,realistic_bursty,stationary,200,0.95,7,extra5,200,190,123317731,16,77917,data/RS/n200/dod95/replica7.json
RS,realistic_bursty,stationary,200,0.95,8,extra5,200,190,123318731,8,77871,data/RS/n200/dod95/replica8.json
RS,realistic_bursty,stationary,200,0.95,9,extra5,200,190,123319731,7,77903,data/RS/n200/dod95/replica9.json
RS,realistic_bursty,stationary,500,0.0,0,formal,500,0,24260731,27,188663,data/RS/n500/dod0/replica0.json
RS,realistic_bursty,stationary,500,0.0,1,formal,500,0,24260831,55,188629,data/RS/n500/dod0/replica1.json
RS,realistic_bursty,stationary,500,0.0,2,formal,500,0,24260931,46,188660,data/RS/n500/dod0/replica2.json
RS,realistic_bursty,stationary,500,0.0,3,formal,500,0,24261031,53,188615,data/RS/n500/dod0/replica3.json
RS,realistic_bursty,stationary,500,0.0,4,formal,500,0,24261131,27,188639,data/RS/n500/dod0/replica4.json
RS,realistic_bursty,stationary,500,0.0,5,extra5,500,0,124265731,64,188638,data/RS/n500/dod0/replica5.json
RS,realistic_bursty,stationary,500,0.0,6,extra5,500,0,124266731,32,188656,data/RS/n500/dod0/replica6.json
RS,realistic_bursty,stationary,500,0.0,7,extra5,500,0,124267731,68,188637,data/RS/n500/dod0/replica7.json
RS,realistic_bursty,stationary,500,0.0,8,extra5,500,0,124268731,60,188613,data/RS/n500/dod0/replica8.json
RS,realistic_bursty,stationary,500,0.0,9,extra5,500,0,124269731,46,188643,data/RS/n500/dod0/replica9.json
RS,realistic_bursty,stationary,500,0.2,0,formal,500,100,24270731,17,188703,data/RS/n500/dod20/replica0.json
RS,realistic_bursty,stationary,500,0.2,1,formal,500,100,24270832,0,188665,data/RS/n500/dod20/replica1.json
RS,realistic_bursty,stationary,500,0.2,2,formal,500,100,24270939,4,188708,data/RS/n500/dod20/replica2.json
RS,realistic_bursty,stationary,500,0.2,3,formal,500,100,24271031,17,188709,data/RS/n500/dod20/replica3.json
RS,realistic_bursty,stationary,500,0.2,4,formal,500,100,24271134,5,188731,data/RS/n500/dod20/replica4.json
RS,realistic_bursty,stationary,500,0.2,5,extra5,500,100,124275731,2,188711,data/RS/n500/dod20/replica5.json
RS,realistic_bursty,stationary,500,0.2,6,extra5,500,100,124276733,4,188618,data/RS/n500/dod20/replica6.json
RS,realistic_bursty,stationary,500,0.2,7,extra5,500,100,124277732,23,188772,data/RS/n500/dod20/replica7.json
RS,realistic_bursty,stationary,500,0.2,8,extra5,500,100,124278736,5,188730,data/RS/n500/dod20/replica8.json
RS,realistic_bursty,stationary,500,0.2,9,extra5,500,100,124279739,8,188732,data/RS/n500/dod20/replica9.json
RS,realistic_bursty,stationary,500,0.5,0,formal,500,250,24280741,8,188743,data/RS/n500/dod50/replica0.json
RS,realistic_bursty,stationary,500,0.5,1,formal,500,250,24280845,10,188813,data/RS/n500/dod50/replica1.json
RS,realistic_bursty,stationary,500,0.5,2,formal,500,250,24280933,10,188744,data/RS/n500/dod50/replica2.json
RS,realistic_bursty,stationary,500,0.5,3,formal,500,250,24281036,10,188669,data/RS/n500/dod50/replica3.json
RS,realistic_bursty,stationary,500,0.5,4,formal,500,250,24281131,0,188782,data/RS/n500/dod50/replica4.json
RS,realistic_bursty,stationary,500,0.5,5,extra5,500,250,124285731,1,188758,data/RS/n500/dod50/replica5.json
RS,realistic_bursty,stationary,500,0.5,6,extra5,500,250,124286733,4,188667,data/RS/n500/dod50/replica6.json
RS,realistic_bursty,stationary,500,0.5,7,extra5,500,250,124287731,4,188718,data/RS/n500/dod50/replica7.json
RS,realistic_bursty,stationary,500,0.5,8,extra5,500,250,124288749,2,188770,data/RS/n500/dod50/replica8.json
RS,realistic_bursty,stationary,500,0.5,9,extra5,500,250,124289732,3,188745,data/RS/n500/dod50/replica9.json
RS,realistic_bursty,stationary,500,0.8,0,formal,500,400,24290734,1,188788,data/RS/n500/dod80/replica0.json
RS,realistic_bursty,stationary,500,0.8,1,formal,500,400,24290842,3,188727,data/RS/n500/dod80/replica1.json
RS,realistic_bursty,stationary,500,0.8,2,formal,500,400,24290950,0,188802,data/RS/n500/dod80/replica2.json
RS,realistic_bursty,stationary,500,0.8,3,formal,500,400,24291036,2,188787,data/RS/n500/dod80/replica3.json
RS,realistic_bursty,stationary,500,0.8,4,formal,500,400,24291147,1,188771,data/RS/n500/dod80/replica4.json
RS,realistic_bursty,stationary,500,0.8,5,extra5,500,400,124295735,2,188829,data/RS/n500/dod80/replica5.json
RS,realistic_bursty,stationary,500,0.8,6,extra5,500,400,124296734,0,188792,data/RS/n500/dod80/replica6.json
RS,realistic_bursty,stationary,500,0.8,7,extra5,500,400,124297744,2,188814,data/RS/n500/dod80/replica7.json
RS,realistic_bursty,stationary,500,0.8,8,extra5,500,400,124298747,2,188730,data/RS/n500/dod80/replica8.json
RS,realistic_bursty,stationary,500,0.8,9,extra5,500,400,124299785,2,188840,data/RS/n500/dod80/replica9.json
RS,realistic_bursty,stationary,500,0.9,0,formal,500,450,24300782,9,188745,data/RS/n500/dod90/replica0.json
RS,realistic_bursty,stationary,500,0.9,1,formal,500,450,24300833,3,188888,data/RS/n500/dod90/replica1.json
RS,realistic_bursty,stationary,500,0.9,2,formal,500,450,24300939,2,188817,data/RS/n500/dod90/replica2.json
RS,realistic_bursty,stationary,500,0.9,3,formal,500,450,24301038,0,188805,data/RS/n500/dod90/replica3.json
RS,realistic_bursty,stationary,500,0.9,4,formal,500,450,24301135,1,188826,data/RS/n500/dod90/replica4.json
RS,realistic_bursty,stationary,500,0.9,5,extra5,500,450,124305809,2,188696,data/RS/n500/dod90/replica5.json
RS,realistic_bursty,stationary,500,0.9,6,extra5,500,450,124306731,2,188735,data/RS/n500/dod90/replica6.json
RS,realistic_bursty,stationary,500,0.9,7,extra5,500,450,124307734,1,188787,data/RS/n500/dod90/replica7.json
RS,realistic_bursty,stationary,500,0.9,8,extra5,500,450,124308748,3,188847,data/RS/n500/dod90/replica8.json
RS,realistic_bursty,stationary,500,0.9,9,extra5,500,450,124309734,0,188778,data/RS/n500/dod90/replica9.json
RS,realistic_bursty,stationary,500,0.95,0,formal,500,475,24310815,0,188874,data/RS/n500/dod95/replica0.json
RS,realistic_bursty,stationary,500,0.95,1,formal,500,475,24310881,4,188791,data/RS/n500/dod95/replica1.json
RS,realistic_bursty,stationary,500,0.95,2,formal,500,475,24310953,2,188843,data/RS/n500/dod95/replica2.json
RS,realistic_bursty,stationary,500,0.95,3,formal,500,475,24311171,0,188907,data/RS/n500/dod95/replica3.json
RS,realistic_bursty,stationary,500,0.95,4,formal,500,475,24311171,0,188907,data/RS/n500/dod95/replica4.json
RS,realistic_bursty,stationary,500,0.95,5,extra5,500,475,124315756,1,188820,data/RS/n500/dod95/replica5.json
RS,realistic_bursty,stationary,500,0.95,6,extra5,500,475,124316769,6,188842,data/RS/n500/dod95/replica6.json
RS,realistic_bursty,stationary,500,0.95,7,extra5,500,475,124317756,4,188853,data/RS/n500/dod95/replica7.json
RS,realistic_bursty,stationary,500,0.95,8,extra5,500,475,124318735,5,188773,data/RS/n500/dod95/replica8.json
RS,realistic_bursty,stationary,500,0.95,9,extra5,500,475,124319736,4,188808,data/RS/n500/dod95/replica9.json
RV,realistic_bursty,time_varying,20,0.0,0,formal,20,0,20260731,136,11648,data/RV/n20/dod0/replica0.json
RV,realistic_bursty,time_varying,20,0.0,1,formal,20,0,20260831,194,11643,data/RV/n20/dod0/replica1.json
RV,realistic_bursty,time_varying,20,0.0,2,formal,20,0,20260931,146,11641,data/RV/n20/dod0/replica2.json
RV,realistic_bursty,time_varying,20,0.0,3,formal,20,0,20261031,153,11651,data/RV/n20/dod0/replica3.json
RV,realistic_bursty,time_varying,20,0.0,4,formal,20,0,20261131,266,11654,data/RV/n20/dod0/replica4.json
RV,realistic_bursty,time_varying,20,0.0,5,extra5,20,0,120265731,51,11636,data/RV/n20/dod0/replica5.json
RV,realistic_bursty,time_varying,20,0.0,6,extra5,20,0,120266731,78,11653,data/RV/n20/dod0/replica6.json
RV,realistic_bursty,time_varying,20,0.0,7,extra5,20,0,120267731,188,11637,data/RV/n20/dod0/replica7.json
RV,realistic_bursty,time_varying,20,0.0,8,extra5,20,0,120268731,65,11646,data/RV/n20/dod0/replica8.json
RV,realistic_bursty,time_varying,20,0.0,9,extra5,20,0,120269731,129,11638,data/RV/n20/dod0/replica9.json
RV,realistic_bursty,time_varying,20,0.2,0,formal,20,4,20270731,82,11657,data/RV/n20/dod20/replica0.json
RV,realistic_bursty,time_varying,20,0.2,1,formal,20,4,20270831,71,11644,data/RV/n20/dod20/replica1.json
RV,realistic_bursty,time_varying,20,0.2,2,formal,20,4,20270931,64,11651,data/RV/n20/dod20/replica2.json
RV,realistic_bursty,time_varying,20,0.2,3,formal,20,4,20271031,88,11670,data/RV/n20/dod20/replica3.json
RV,realistic_bursty,time_varying,20,0.2,4,formal,20,4,20271131,90,11644,data/RV/n20/dod20/replica4.json
RV,realistic_bursty,time_varying,20,0.2,5,extra5,20,4,120275731,111,11653,data/RV/n20/dod20/replica5.json
RV,realistic_bursty,time_varying,20,0.2,6,extra5,20,4,120276731,34,11639,data/RV/n20/dod20/replica6.json
RV,realistic_bursty,time_varying,20,0.2,7,extra5,20,4,120277731,27,11658,data/RV/n20/dod20/replica7.json
RV,realistic_bursty,time_varying,20,0.2,8,extra5,20,4,120278731,75,11660,data/RV/n20/dod20/replica8.json
RV,realistic_bursty,time_varying,20,0.2,9,extra5,20,4,120279731,84,11650,data/RV/n20/dod20/replica9.json
RV,realistic_bursty,time_varying,20,0.5,0,formal,20,10,20280731,66,11661,data/RV/n20/dod50/replica0.json
RV,realistic_bursty,time_varying,20,0.5,1,formal,20,10,20280831,89,11643,data/RV/n20/dod50/replica1.json
RV,realistic_bursty,time_varying,20,0.5,2,formal,20,10,20280931,59,11667,data/RV/n20/dod50/replica2.json
RV,realistic_bursty,time_varying,20,0.5,3,formal,20,10,20281031,30,11659,data/RV/n20/dod50/replica3.json
RV,realistic_bursty,time_varying,20,0.5,4,formal,20,10,20281131,57,11658,data/RV/n20/dod50/replica4.json
RV,realistic_bursty,time_varying,20,0.5,5,extra5,20,10,120285731,60,11652,data/RV/n20/dod50/replica5.json
RV,realistic_bursty,time_varying,20,0.5,6,extra5,20,10,120286731,78,11659,data/RV/n20/dod50/replica6.json
RV,realistic_bursty,time_varying,20,0.5,7,extra5,20,10,120287731,42,11654,data/RV/n20/dod50/replica7.json
RV,realistic_bursty,time_varying,20,0.5,8,extra5,20,10,120288731,53,11656,data/RV/n20/dod50/replica8.json
RV,realistic_bursty,time_varying,20,0.5,9,extra5,20,10,120289731,45,11663,data/RV/n20/dod50/replica9.json
RV,realistic_bursty,time_varying,20,0.8,0,formal,20,16,20290731,62,11657,data/RV/n20/dod80/replica0.json
RV,realistic_bursty,time_varying,20,0.8,1,formal,20,16,20290831,19,11634,data/RV/n20/dod80/replica1.json
RV,realistic_bursty,time_varying,20,0.8,2,formal,20,16,20290931,19,11656,data/RV/n20/dod80/replica2.json
RV,realistic_bursty,time_varying,20,0.8,3,formal,20,16,20291031,34,11645,data/RV/n20/dod80/replica3.json
RV,realistic_bursty,time_varying,20,0.8,4,formal,20,16,20291131,39,11667,data/RV/n20/dod80/replica4.json
RV,realistic_bursty,time_varying,20,0.8,5,extra5,20,16,120295731,72,11660,data/RV/n20/dod80/replica5.json
RV,realistic_bursty,time_varying,20,0.8,6,extra5,20,16,120296731,17,11656,data/RV/n20/dod80/replica6.json
RV,realistic_bursty,time_varying,20,0.8,7,extra5,20,16,120297731,38,11666,data/RV/n20/dod80/replica7.json
RV,realistic_bursty,time_varying,20,0.8,8,extra5,20,16,120298731,42,11675,data/RV/n20/dod80/replica8.json
RV,realistic_bursty,time_varying,20,0.8,9,extra5,20,16,120299731,10,11666,data/RV/n20/dod80/replica9.json
RV,realistic_bursty,time_varying,20,0.9,0,formal,20,18,20300731,50,11651,data/RV/n20/dod90/replica0.json
RV,realistic_bursty,time_varying,20,0.9,1,formal,20,18,20300831,62,11653,data/RV/n20/dod90/replica1.json
RV,realistic_bursty,time_varying,20,0.9,2,formal,20,18,20300931,25,11679,data/RV/n20/dod90/replica2.json
RV,realistic_bursty,time_varying,20,0.9,3,formal,20,18,20301031,38,11650,data/RV/n20/dod90/replica3.json
RV,realistic_bursty,time_varying,20,0.9,4,formal,20,18,20301131,38,11649,data/RV/n20/dod90/replica4.json
RV,realistic_bursty,time_varying,20,0.9,5,extra5,20,18,120305731,18,11655,data/RV/n20/dod90/replica5.json
RV,realistic_bursty,time_varying,20,0.9,6,extra5,20,18,120306732,33,11651,data/RV/n20/dod90/replica6.json
RV,realistic_bursty,time_varying,20,0.9,7,extra5,20,18,120307731,36,11661,data/RV/n20/dod90/replica7.json
RV,realistic_bursty,time_varying,20,0.9,8,extra5,20,18,120308731,53,11676,data/RV/n20/dod90/replica8.json
RV,realistic_bursty,time_varying,20,0.9,9,extra5,20,18,120309731,1,11670,data/RV/n20/dod90/replica9.json
RV,realistic_bursty,time_varying,20,0.95,0,formal,20,19,20310731,35,11661,data/RV/n20/dod95/replica0.json
RV,realistic_bursty,time_varying,20,0.95,1,formal,20,19,20310832,28,11654,data/RV/n20/dod95/replica1.json
RV,realistic_bursty,time_varying,20,0.95,2,formal,20,19,20310931,66,11651,data/RV/n20/dod95/replica2.json
RV,realistic_bursty,time_varying,20,0.95,3,formal,20,19,20311031,40,11664,data/RV/n20/dod95/replica3.json
RV,realistic_bursty,time_varying,20,0.95,4,formal,20,19,20311131,47,11646,data/RV/n20/dod95/replica4.json
RV,realistic_bursty,time_varying,20,0.95,5,extra5,20,19,120315731,45,11662,data/RV/n20/dod95/replica5.json
RV,realistic_bursty,time_varying,20,0.95,6,extra5,20,19,120316731,59,11646,data/RV/n20/dod95/replica6.json
RV,realistic_bursty,time_varying,20,0.95,7,extra5,20,19,120317731,39,11687,data/RV/n20/dod95/replica7.json
RV,realistic_bursty,time_varying,20,0.95,8,extra5,20,19,120318731,44,11662,data/RV/n20/dod95/replica8.json
RV,realistic_bursty,time_varying,20,0.95,9,extra5,20,19,120319731,36,11670,data/RV/n20/dod95/replica9.json
RV,realistic_bursty,time_varying,50,0.0,0,formal,50,0,21260731,106,22609,data/RV/n50/dod0/replica0.json
RV,realistic_bursty,time_varying,50,0.0,1,formal,50,0,21260831,110,22622,data/RV/n50/dod0/replica1.json
RV,realistic_bursty,time_varying,50,0.0,2,formal,50,0,21260931,55,22632,data/RV/n50/dod0/replica2.json
RV,realistic_bursty,time_varying,50,0.0,3,formal,50,0,21261031,190,22608,data/RV/n50/dod0/replica3.json
RV,realistic_bursty,time_varying,50,0.0,4,formal,50,0,21261131,86,22607,data/RV/n50/dod0/replica4.json
RV,realistic_bursty,time_varying,50,0.0,5,extra5,50,0,121265731,144,22633,data/RV/n50/dod0/replica5.json
RV,realistic_bursty,time_varying,50,0.0,6,extra5,50,0,121266731,132,22616,data/RV/n50/dod0/replica6.json
RV,realistic_bursty,time_varying,50,0.0,7,extra5,50,0,121267731,118,22608,data/RV/n50/dod0/replica7.json
RV,realistic_bursty,time_varying,50,0.0,8,extra5,50,0,121268731,63,22610,data/RV/n50/dod0/replica8.json
RV,realistic_bursty,time_varying,50,0.0,9,extra5,50,0,121269731,238,22620,data/RV/n50/dod0/replica9.json
RV,realistic_bursty,time_varying,50,0.2,0,formal,50,10,21270731,69,22625,data/RV/n50/dod20/replica0.json
RV,realistic_bursty,time_varying,50,0.2,1,formal,50,10,21270831,16,22640,data/RV/n50/dod20/replica1.json
RV,realistic_bursty,time_varying,50,0.2,2,formal,50,10,21270931,29,22606,data/RV/n50/dod20/replica2.json
RV,realistic_bursty,time_varying,50,0.2,3,formal,50,10,21271031,23,22635,data/RV/n50/dod20/replica3.json
RV,realistic_bursty,time_varying,50,0.2,4,formal,50,10,21271131,62,22635,data/RV/n50/dod20/replica4.json
RV,realistic_bursty,time_varying,50,0.2,5,extra5,50,10,121275731,65,22632,data/RV/n50/dod20/replica5.json
RV,realistic_bursty,time_varying,50,0.2,6,extra5,50,10,121276731,81,22633,data/RV/n50/dod20/replica6.json
RV,realistic_bursty,time_varying,50,0.2,7,extra5,50,10,121277731,65,22629,data/RV/n50/dod20/replica7.json
RV,realistic_bursty,time_varying,50,0.2,8,extra5,50,10,121278731,43,22634,data/RV/n50/dod20/replica8.json
RV,realistic_bursty,time_varying,50,0.2,9,extra5,50,10,121279731,42,22641,data/RV/n50/dod20/replica9.json
RV,realistic_bursty,time_varying,50,0.5,0,formal,50,25,21280731,18,22665,data/RV/n50/dod50/replica0.json
RV,realistic_bursty,time_varying,50,0.5,1,formal,50,25,21280831,21,22630,data/RV/n50/dod50/replica1.json
RV,realistic_bursty,time_varying,50,0.5,2,formal,50,25,21280931,42,22632,data/RV/n50/dod50/replica2.json
RV,realistic_bursty,time_varying,50,0.5,3,formal,50,25,21281032,31,22641,data/RV/n50/dod50/replica3.json
RV,realistic_bursty,time_varying,50,0.5,4,formal,50,25,21281131,45,22646,data/RV/n50/dod50/replica4.json
RV,realistic_bursty,time_varying,50,0.5,5,extra5,50,25,121285731,18,22625,data/RV/n50/dod50/replica5.json
RV,realistic_bursty,time_varying,50,0.5,6,extra5,50,25,121286731,19,22645,data/RV/n50/dod50/replica6.json
RV,realistic_bursty,time_varying,50,0.5,7,extra5,50,25,121287731,15,22632,data/RV/n50/dod50/replica7.json
RV,realistic_bursty,time_varying,50,0.5,8,extra5,50,25,121288731,60,22638,data/RV/n50/dod50/replica8.json
RV,realistic_bursty,time_varying,50,0.5,9,extra5,50,25,121289731,49,22625,data/RV/n50/dod50/replica9.json
RV,realistic_bursty,time_varying,50,0.8,0,formal,50,40,21290731,39,22609,data/RV/n50/dod80/replica0.json
RV,realistic_bursty,time_varying,50,0.8,1,formal,50,40,21290831,24,22649,data/RV/n50/dod80/replica1.json
RV,realistic_bursty,time_varying,50,0.8,2,formal,50,40,21290932,9,22637,data/RV/n50/dod80/replica2.json
RV,realistic_bursty,time_varying,50,0.8,3,formal,50,40,21291031,27,22647,data/RV/n50/dod80/replica3.json
RV,realistic_bursty,time_varying,50,0.8,4,formal,50,40,21291131,10,22650,data/RV/n50/dod80/replica4.json
RV,realistic_bursty,time_varying,50,0.8,5,extra5,50,40,121295731,27,22663,data/RV/n50/dod80/replica5.json
RV,realistic_bursty,time_varying,50,0.8,6,extra5,50,40,121296731,20,22641,data/RV/n50/dod80/replica6.json
RV,realistic_bursty,time_varying,50,0.8,7,extra5,50,40,121297731,26,22646,data/RV/n50/dod80/replica7.json
RV,realistic_bursty,time_varying,50,0.8,8,extra5,50,40,121298731,2,22627,data/RV/n50/dod80/replica8.json
RV,realistic_bursty,time_varying,50,0.8,9,extra5,50,40,121299731,38,22660,data/RV/n50/dod80/replica9.json
RV,realistic_bursty,time_varying,50,0.9,0,formal,50,45,21300732,32,22648,data/RV/n50/dod90/replica0.json
RV,realistic_bursty,time_varying,50,0.9,1,formal,50,45,21300831,20,22659,data/RV/n50/dod90/replica1.json
RV,realistic_bursty,time_varying,50,0.9,2,formal,50,45,21300931,29,22639,data/RV/n50/dod90/replica2.json
RV,realistic_bursty,time_varying,50,0.9,3,formal,50,45,21301031,21,22670,data/RV/n50/dod90/replica3.json
RV,realistic_bursty,time_varying,50,0.9,4,formal,50,45,21301131,5,22633,data/RV/n50/dod90/replica4.json
RV,realistic_bursty,time_varying,50,0.9,5,extra5,50,45,121305731,6,22639,data/RV/n50/dod90/replica5.json
RV,realistic_bursty,time_varying,50,0.9,6,extra5,50,45,121306731,10,22618,data/RV/n50/dod90/replica6.json
RV,realistic_bursty,time_varying,50,0.9,7,extra5,50,45,121307731,28,22639,data/RV/n50/dod90/replica7.json
RV,realistic_bursty,time_varying,50,0.9,8,extra5,50,45,121308731,18,22631,data/RV/n50/dod90/replica8.json
RV,realistic_bursty,time_varying,50,0.9,9,extra5,50,45,121309731,35,22661,data/RV/n50/dod90/replica9.json
RV,realistic_bursty,time_varying,50,0.95,0,formal,50,47,21310731,36,22625,data/RV/n50/dod95/replica0.json
RV,realistic_bursty,time_varying,50,0.95,1,formal,50,47,21310831,7,22626,data/RV/n50/dod95/replica1.json
RV,realistic_bursty,time_varying,50,0.95,2,formal,50,47,21310931,14,22639,data/RV/n50/dod95/replica2.json
RV,realistic_bursty,time_varying,50,0.95,3,formal,50,47,21311031,24,22644,data/RV/n50/dod95/replica3.json
RV,realistic_bursty,time_varying,50,0.95,4,formal,50,47,21311131,39,22608,data/RV/n50/dod95/replica4.json
RV,realistic_bursty,time_varying,50,0.95,5,extra5,50,47,121315731,22,22655,data/RV/n50/dod95/replica5.json
RV,realistic_bursty,time_varying,50,0.95,6,extra5,50,47,121316731,27,22642,data/RV/n50/dod95/replica6.json
RV,realistic_bursty,time_varying,50,0.95,7,extra5,50,47,121317731,10,22633,data/RV/n50/dod95/replica7.json
RV,realistic_bursty,time_varying,50,0.95,8,extra5,50,47,121318731,8,22642,data/RV/n50/dod95/replica8.json
RV,realistic_bursty,time_varying,50,0.95,9,extra5,50,47,121319731,17,22678,data/RV/n50/dod95/replica9.json
RV,realistic_bursty,time_varying,100,0.0,0,formal,100,0,22260731,78,40959,data/RV/n100/dod0/replica0.json
RV,realistic_bursty,time_varying,100,0.0,1,formal,100,0,22260831,84,40971,data/RV/n100/dod0/replica1.json
RV,realistic_bursty,time_varying,100,0.0,2,formal,100,0,22260931,100,40968,data/RV/n100/dod0/replica2.json
RV,realistic_bursty,time_varying,100,0.0,3,formal,100,0,22261031,60,40960,data/RV/n100/dod0/replica3.json
RV,realistic_bursty,time_varying,100,0.0,4,formal,100,0,22261131,247,40995,data/RV/n100/dod0/replica4.json
RV,realistic_bursty,time_varying,100,0.0,5,extra5,100,0,122265731,115,41002,data/RV/n100/dod0/replica5.json
RV,realistic_bursty,time_varying,100,0.0,6,extra5,100,0,122266731,137,40974,data/RV/n100/dod0/replica6.json
RV,realistic_bursty,time_varying,100,0.0,7,extra5,100,0,122267731,41,40987,data/RV/n100/dod0/replica7.json
RV,realistic_bursty,time_varying,100,0.0,8,extra5,100,0,122268731,114,40962,data/RV/n100/dod0/replica8.json
RV,realistic_bursty,time_varying,100,0.0,9,extra5,100,0,122269731,95,40980,data/RV/n100/dod0/replica9.json
RV,realistic_bursty,time_varying,100,0.2,0,formal,100,20,22270731,38,41039,data/RV/n100/dod20/replica0.json
RV,realistic_bursty,time_varying,100,0.2,1,formal,100,20,22270831,30,40997,data/RV/n100/dod20/replica1.json
RV,realistic_bursty,time_varying,100,0.2,2,formal,100,20,22270931,17,41035,data/RV/n100/dod20/replica2.json
RV,realistic_bursty,time_varying,100,0.2,3,formal,100,20,22271032,30,41081,data/RV/n100/dod20/replica3.json
RV,realistic_bursty,time_varying,100,0.2,4,formal,100,20,22271131,53,40969,data/RV/n100/dod20/replica4.json
RV,realistic_bursty,time_varying,100,0.2,5,extra5,100,20,122275731,40,41014,data/RV/n100/dod20/replica5.json
RV,realistic_bursty,time_varying,100,0.2,6,extra5,100,20,122276731,44,40994,data/RV/n100/dod20/replica6.json
RV,realistic_bursty,time_varying,100,0.2,7,extra5,100,20,122277731,44,41050,data/RV/n100/dod20/replica7.json
RV,realistic_bursty,time_varying,100,0.2,8,extra5,100,20,122278731,58,41044,data/RV/n100/dod20/replica8.json
RV,realistic_bursty,time_varying,100,0.2,9,extra5,100,20,122279731,29,41011,data/RV/n100/dod20/replica9.json
RV,realistic_bursty,time_varying,100,0.5,0,formal,100,50,22280731,23,41122,data/RV/n100/dod50/replica0.json
RV,realistic_bursty,time_varying,100,0.5,1,formal,100,50,22280831,24,41086,data/RV/n100/dod50/replica1.json
RV,realistic_bursty,time_varying,100,0.5,2,formal,100,50,22280931,6,41104,data/RV/n100/dod50/replica2.json
RV,realistic_bursty,time_varying,100,0.5,3,formal,100,50,22281031,17,41064,data/RV/n100/dod50/replica3.json
RV,realistic_bursty,time_varying,100,0.5,4,formal,100,50,22281131,26,41049,data/RV/n100/dod50/replica4.json
RV,realistic_bursty,time_varying,100,0.5,5,extra5,100,50,122285731,30,41099,data/RV/n100/dod50/replica5.json
RV,realistic_bursty,time_varying,100,0.5,6,extra5,100,50,122286731,16,41105,data/RV/n100/dod50/replica6.json
RV,realistic_bursty,time_varying,100,0.5,7,extra5,100,50,122287731,28,41078,data/RV/n100/dod50/replica7.json
RV,realistic_bursty,time_varying,100,0.5,8,extra5,100,50,122288731,20,41054,data/RV/n100/dod50/replica8.json
RV,realistic_bursty,time_varying,100,0.5,9,extra5,100,50,122289731,43,41039,data/RV/n100/dod50/replica9.json
RV,realistic_bursty,time_varying,100,0.8,0,formal,100,80,22290731,5,41062,data/RV/n100/dod80/replica0.json
RV,realistic_bursty,time_varying,100,0.8,1,formal,100,80,22290831,30,41114,data/RV/n100/dod80/replica1.json
RV,realistic_bursty,time_varying,100,0.8,2,formal,100,80,22290931,27,41130,data/RV/n100/dod80/replica2.json
RV,realistic_bursty,time_varying,100,0.8,3,formal,100,80,22291031,11,41109,data/RV/n100/dod80/replica3.json
RV,realistic_bursty,time_varying,100,0.8,4,formal,100,80,22291133,16,41089,data/RV/n100/dod80/replica4.json
RV,realistic_bursty,time_varying,100,0.8,5,extra5,100,80,122295731,44,41143,data/RV/n100/dod80/replica5.json
RV,realistic_bursty,time_varying,100,0.8,6,extra5,100,80,122296731,16,41125,data/RV/n100/dod80/replica6.json
RV,realistic_bursty,time_varying,100,0.8,7,extra5,100,80,122297731,8,41070,data/RV/n100/dod80/replica7.json
RV,realistic_bursty,time_varying,100,0.8,8,extra5,100,80,122298731,6,41090,data/RV/n100/dod80/replica8.json
RV,realistic_bursty,time_varying,100,0.8,9,extra5,100,80,122299731,26,41058,data/RV/n100/dod80/replica9.json
RV,realistic_bursty,time_varying,100,0.9,0,formal,100,90,22300731,17,41084,data/RV/n100/dod90/replica0.json
RV,realistic_bursty,time_varying,100,0.9,1,formal,100,90,22300832,9,41051,data/RV/n100/dod90/replica1.json
RV,realistic_bursty,time_varying,100,0.9,2,formal,100,90,22300931,21,41124,data/RV/n100/dod90/replica2.json
RV,realistic_bursty,time_varying,100,0.9,3,formal,100,90,22301031,15,41077,data/RV/n100/dod90/replica3.json
RV,realistic_bursty,time_varying,100,0.9,4,formal,100,90,22301131,11,41147,data/RV/n100/dod90/replica4.json
RV,realistic_bursty,time_varying,100,0.9,5,extra5,100,90,122305731,21,41183,data/RV/n100/dod90/replica5.json
RV,realistic_bursty,time_varying,100,0.9,6,extra5,100,90,122306732,17,41129,data/RV/n100/dod90/replica6.json
RV,realistic_bursty,time_varying,100,0.9,7,extra5,100,90,122307731,27,41120,data/RV/n100/dod90/replica7.json
RV,realistic_bursty,time_varying,100,0.9,8,extra5,100,90,122308731,10,41056,data/RV/n100/dod90/replica8.json
RV,realistic_bursty,time_varying,100,0.9,9,extra5,100,90,122309731,10,41133,data/RV/n100/dod90/replica9.json
RV,realistic_bursty,time_varying,100,0.95,0,formal,100,95,22310731,39,41122,data/RV/n100/dod95/replica0.json
RV,realistic_bursty,time_varying,100,0.95,1,formal,100,95,22310831,13,41164,data/RV/n100/dod95/replica1.json
RV,realistic_bursty,time_varying,100,0.95,2,formal,100,95,22310931,28,41106,data/RV/n100/dod95/replica2.json
RV,realistic_bursty,time_varying,100,0.95,3,formal,100,95,22311031,18,41047,data/RV/n100/dod95/replica3.json
RV,realistic_bursty,time_varying,100,0.95,4,formal,100,95,22311131,19,41062,data/RV/n100/dod95/replica4.json
RV,realistic_bursty,time_varying,100,0.95,5,extra5,100,95,122315731,26,41120,data/RV/n100/dod95/replica5.json
RV,realistic_bursty,time_varying,100,0.95,6,extra5,100,95,122316731,28,41083,data/RV/n100/dod95/replica6.json
RV,realistic_bursty,time_varying,100,0.95,7,extra5,100,95,122317731,17,41142,data/RV/n100/dod95/replica7.json
RV,realistic_bursty,time_varying,100,0.95,8,extra5,100,95,122318731,41,41128,data/RV/n100/dod95/replica8.json
RV,realistic_bursty,time_varying,100,0.95,9,extra5,100,95,122319731,28,41123,data/RV/n100/dod95/replica9.json
RV,realistic_bursty,time_varying,200,0.0,0,formal,200,0,23260731,101,77914,data/RV/n200/dod0/replica0.json
RV,realistic_bursty,time_varying,200,0.0,1,formal,200,0,23260831,31,77889,data/RV/n200/dod0/replica1.json
RV,realistic_bursty,time_varying,200,0.0,2,formal,200,0,23260931,63,77875,data/RV/n200/dod0/replica2.json
RV,realistic_bursty,time_varying,200,0.0,3,formal,200,0,23261031,54,77923,data/RV/n200/dod0/replica3.json
RV,realistic_bursty,time_varying,200,0.0,4,formal,200,0,23261131,85,77883,data/RV/n200/dod0/replica4.json
RV,realistic_bursty,time_varying,200,0.0,5,extra5,200,0,123265731,41,77857,data/RV/n200/dod0/replica5.json
RV,realistic_bursty,time_varying,200,0.0,6,extra5,200,0,123266731,60,77934,data/RV/n200/dod0/replica6.json
RV,realistic_bursty,time_varying,200,0.0,7,extra5,200,0,123267731,107,77906,data/RV/n200/dod0/replica7.json
RV,realistic_bursty,time_varying,200,0.0,8,extra5,200,0,123268731,79,77919,data/RV/n200/dod0/replica8.json
RV,realistic_bursty,time_varying,200,0.0,9,extra5,200,0,123269731,46,77902,data/RV/n200/dod0/replica9.json
RV,realistic_bursty,time_varying,200,0.2,0,formal,200,40,23270731,16,77957,data/RV/n200/dod20/replica0.json
RV,realistic_bursty,time_varying,200,0.2,1,formal,200,40,23270831,33,77945,data/RV/n200/dod20/replica1.json
RV,realistic_bursty,time_varying,200,0.2,2,formal,200,40,23270931,12,77989,data/RV/n200/dod20/replica2.json
RV,realistic_bursty,time_varying,200,0.2,3,formal,200,40,23271031,28,78014,data/RV/n200/dod20/replica3.json
RV,realistic_bursty,time_varying,200,0.2,4,formal,200,40,23271132,17,78066,data/RV/n200/dod20/replica4.json
RV,realistic_bursty,time_varying,200,0.2,5,extra5,200,40,123275731,7,78083,data/RV/n200/dod20/replica5.json
RV,realistic_bursty,time_varying,200,0.2,6,extra5,200,40,123276732,24,78002,data/RV/n200/dod20/replica6.json
RV,realistic_bursty,time_varying,200,0.2,7,extra5,200,40,123277732,16,77995,data/RV/n200/dod20/replica7.json
RV,realistic_bursty,time_varying,200,0.2,8,extra5,200,40,123278731,18,77940,data/RV/n200/dod20/replica8.json
RV,realistic_bursty,time_varying,200,0.2,9,extra5,200,40,123279731,5,78026,data/RV/n200/dod20/replica9.json
RV,realistic_bursty,time_varying,200,0.5,0,formal,200,100,23280731,14,78030,data/RV/n200/dod50/replica0.json
RV,realistic_bursty,time_varying,200,0.5,1,formal,200,100,23280832,6,78040,data/RV/n200/dod50/replica1.json
RV,realistic_bursty,time_varying,200,0.5,2,formal,200,100,23280931,8,78036,data/RV/n200/dod50/replica2.json
RV,realistic_bursty,time_varying,200,0.5,3,formal,200,100,23281031,3,78039,data/RV/n200/dod50/replica3.json
RV,realistic_bursty,time_varying,200,0.5,4,formal,200,100,23281132,13,78037,data/RV/n200/dod50/replica4.json
RV,realistic_bursty,time_varying,200,0.5,5,extra5,200,100,123285731,25,78039,data/RV/n200/dod50/replica5.json
RV,realistic_bursty,time_varying,200,0.5,6,extra5,200,100,123286731,16,77959,data/RV/n200/dod50/replica6.json
RV,realistic_bursty,time_varying,200,0.5,7,extra5,200,100,123287731,5,78046,data/RV/n200/dod50/replica7.json
RV,realistic_bursty,time_varying,200,0.5,8,extra5,200,100,123288732,4,78144,data/RV/n200/dod50/replica8.json
RV,realistic_bursty,time_varying,200,0.5,9,extra5,200,100,123289731,2,78011,data/RV/n200/dod50/replica9.json
RV,realistic_bursty,time_varying,200,0.8,0,formal,200,160,23290733,11,78056,data/RV/n200/dod80/replica0.json
RV,realistic_bursty,time_varying,200,0.8,1,formal,200,160,23290833,7,78027,data/RV/n200/dod80/replica1.json
RV,realistic_bursty,time_varying,200,0.8,2,formal,200,160,23290932,7,78007,data/RV/n200/dod80/replica2.json
RV,realistic_bursty,time_varying,200,0.8,3,formal,200,160,23291031,18,78079,data/RV/n200/dod80/replica3.json
RV,realistic_bursty,time_varying,200,0.8,4,formal,200,160,23291131,13,78072,data/RV/n200/dod80/replica4.json
RV,realistic_bursty,time_varying,200,0.8,5,extra5,200,160,123295731,1,78078,data/RV/n200/dod80/replica5.json
RV,realistic_bursty,time_varying,200,0.8,6,extra5,200,160,123296735,2,78073,data/RV/n200/dod80/replica6.json
RV,realistic_bursty,time_varying,200,0.8,7,extra5,200,160,123297733,9,78093,data/RV/n200/dod80/replica7.json
RV,realistic_bursty,time_varying,200,0.8,8,extra5,200,160,123298731,0,78015,data/RV/n200/dod80/replica8.json
RV,realistic_bursty,time_varying,200,0.8,9,extra5,200,160,123299734,18,78089,data/RV/n200/dod80/replica9.json
RV,realistic_bursty,time_varying,200,0.9,0,formal,200,180,23300731,1,78059,data/RV/n200/dod90/replica0.json
RV,realistic_bursty,time_varying,200,0.9,1,formal,200,180,23300832,17,78102,data/RV/n200/dod90/replica1.json
RV,realistic_bursty,time_varying,200,0.9,2,formal,200,180,23300932,9,78014,data/RV/n200/dod90/replica2.json
RV,realistic_bursty,time_varying,200,0.9,3,formal,200,180,23301031,0,77995,data/RV/n200/dod90/replica3.json
RV,realistic_bursty,time_varying,200,0.9,4,formal,200,180,23301134,10,78047,data/RV/n200/dod90/replica4.json
RV,realistic_bursty,time_varying,200,0.9,5,extra5,200,180,123305734,1,78057,data/RV/n200/dod90/replica5.json
RV,realistic_bursty,time_varying,200,0.9,6,extra5,200,180,123306733,2,78088,data/RV/n200/dod90/replica6.json
RV,realistic_bursty,time_varying,200,0.9,7,extra5,200,180,123307732,11,78022,data/RV/n200/dod90/replica7.json
RV,realistic_bursty,time_varying,200,0.9,8,extra5,200,180,123308733,11,78078,data/RV/n200/dod90/replica8.json
RV,realistic_bursty,time_varying,200,0.9,9,extra5,200,180,123309734,6,78068,data/RV/n200/dod90/replica9.json
RV,realistic_bursty,time_varying,200,0.95,0,formal,200,190,23310731,2,78075,data/RV/n200/dod95/replica0.json
RV,realistic_bursty,time_varying,200,0.95,1,formal,200,190,23310832,0,78086,data/RV/n200/dod95/replica1.json
RV,realistic_bursty,time_varying,200,0.95,2,formal,200,190,23310931,5,78087,data/RV/n200/dod95/replica2.json
RV,realistic_bursty,time_varying,200,0.95,3,formal,200,190,23311031,6,78102,data/RV/n200/dod95/replica3.json
RV,realistic_bursty,time_varying,200,0.95,4,formal,200,190,23311131,1,78099,data/RV/n200/dod95/replica4.json
RV,realistic_bursty,time_varying,200,0.95,5,extra5,200,190,123315731,5,78105,data/RV/n200/dod95/replica5.json
RV,realistic_bursty,time_varying,200,0.95,6,extra5,200,190,123316732,2,78085,data/RV/n200/dod95/replica6.json
RV,realistic_bursty,time_varying,200,0.95,7,extra5,200,190,123317731,5,78095,data/RV/n200/dod95/replica7.json
RV,realistic_bursty,time_varying,200,0.95,8,extra5,200,190,123318732,2,78094,data/RV/n200/dod95/replica8.json
RV,realistic_bursty,time_varying,200,0.95,9,extra5,200,190,123319733,6,78085,data/RV/n200/dod95/replica9.json
RV,realistic_bursty,time_varying,500,0.0,0,formal,500,0,24260731,27,188759,data/RV/n500/dod0/replica0.json
RV,realistic_bursty,time_varying,500,0.0,1,formal,500,0,24260831,55,188725,data/RV/n500/dod0/replica1.json
RV,realistic_bursty,time_varying,500,0.0,2,formal,500,0,24260931,46,188756,data/RV/n500/dod0/replica2.json
RV,realistic_bursty,time_varying,500,0.0,3,formal,500,0,24261031,53,188711,data/RV/n500/dod0/replica3.json
RV,realistic_bursty,time_varying,500,0.0,4,formal,500,0,24261131,27,188735,data/RV/n500/dod0/replica4.json
RV,realistic_bursty,time_varying,500,0.0,5,extra5,500,0,124265731,64,188734,data/RV/n500/dod0/replica5.json
RV,realistic_bursty,time_varying,500,0.0,6,extra5,500,0,124266731,32,188752,data/RV/n500/dod0/replica6.json
RV,realistic_bursty,time_varying,500,0.0,7,extra5,500,0,124267731,68,188733,data/RV/n500/dod0/replica7.json
RV,realistic_bursty,time_varying,500,0.0,8,extra5,500,0,124268731,60,188709,data/RV/n500/dod0/replica8.json
RV,realistic_bursty,time_varying,500,0.0,9,extra5,500,0,124269731,46,188739,data/RV/n500/dod0/replica9.json
RV,realistic_bursty,time_varying,500,0.2,0,formal,500,100,24270731,2,188920,data/RV/n500/dod20/replica0.json
RV,realistic_bursty,time_varying,500,0.2,1,formal,500,100,24270831,1,188911,data/RV/n500/dod20/replica1.json
RV,realistic_bursty,time_varying,500,0.2,2,formal,500,100,24270931,21,188942,data/RV/n500/dod20/replica2.json
RV,realistic_bursty,time_varying,500,0.2,3,formal,500,100,24271033,6,188930,data/RV/n500/dod20/replica3.json
RV,realistic_bursty,time_varying,500,0.2,4,formal,500,100,24271133,0,188885,data/RV/n500/dod20/replica4.json
RV,realistic_bursty,time_varying,500,0.2,5,extra5,500,100,124275731,2,188929,data/RV/n500/dod20/replica5.json
RV,realistic_bursty,time_varying,500,0.2,6,extra5,500,100,124276731,15,188847,data/RV/n500/dod20/replica6.json
RV,realistic_bursty,time_varying,500,0.2,7,extra5,500,100,124277732,20,188943,data/RV/n500/dod20/replica7.json
RV,realistic_bursty,time_varying,500,0.2,8,extra5,500,100,124278734,3,188826,data/RV/n500/dod20/replica8.json
RV,realistic_bursty,time_varying,500,0.2,9,extra5,500,100,124279735,3,188887,data/RV/n500/dod20/replica9.json
RV,realistic_bursty,time_varying,500,0.5,0,formal,500,250,24280733,3,188900,data/RV/n500/dod50/replica0.json
RV,realistic_bursty,time_varying,500,0.5,1,formal,500,250,24280864,2,188941,data/RV/n500/dod50/replica1.json
RV,realistic_bursty,time_varying,500,0.5,2,formal,500,250,24280932,3,188923,data/RV/n500/dod50/replica2.json
RV,realistic_bursty,time_varying,500,0.5,3,formal,500,250,24281033,1,188973,data/RV/n500/dod50/replica3.json
RV,realistic_bursty,time_varying,500,0.5,4,formal,500,250,24281159,1,188962,data/RV/n500/dod50/replica4.json
RV,realistic_bursty,time_varying,500,0.5,5,extra5,500,250,124285735,5,189028,data/RV/n500/dod50/replica5.json
RV,realistic_bursty,time_varying,500,0.5,6,extra5,500,250,124286748,5,188880,data/RV/n500/dod50/replica6.json
RV,realistic_bursty,time_varying,500,0.5,7,extra5,500,250,124287732,0,188933,data/RV/n500/dod50/replica7.json
RV,realistic_bursty,time_varying,500,0.5,8,extra5,500,250,124288731,0,188956,data/RV/n500/dod50/replica8.json
RV,realistic_bursty,time_varying,500,0.5,9,extra5,500,250,124289732,4,188959,data/RV/n500/dod50/replica9.json
RV,realistic_bursty,time_varying,500,0.8,0,formal,500,400,24290764,0,188990,data/RV/n500/dod80/replica0.json
RV,realistic_bursty,time_varying,500,0.8,1,formal,500,400,24290839,0,189032,data/RV/n500/dod80/replica1.json
RV,realistic_bursty,time_varying,500,0.8,2,formal,500,400,24290949,1,189010,data/RV/n500/dod80/replica2.json
RV,realistic_bursty,time_varying,500,0.8,3,formal,500,400,24291073,0,188999,data/RV/n500/dod80/replica3.json
RV,realistic_bursty,time_varying,500,0.8,4,formal,500,400,24291169,0,188957,data/RV/n500/dod80/replica4.json
RV,realistic_bursty,time_varying,500,0.8,5,extra5,500,400,124295739,1,188981,data/RV/n500/dod80/replica5.json
RV,realistic_bursty,time_varying,500,0.8,6,extra5,500,400,124296758,0,189091,data/RV/n500/dod80/replica6.json
RV,realistic_bursty,time_varying,500,0.8,7,extra5,500,400,124297735,0,189029,data/RV/n500/dod80/replica7.json
RV,realistic_bursty,time_varying,500,0.8,8,extra5,500,400,124298748,2,188879,data/RV/n500/dod80/replica8.json
RV,realistic_bursty,time_varying,500,0.8,9,extra5,500,400,124299751,7,188995,data/RV/n500/dod80/replica9.json
RV,realistic_bursty,time_varying,500,0.9,0,formal,500,450,24300744,0,188996,data/RV/n500/dod90/replica0.json
RV,realistic_bursty,time_varying,500,0.9,1,formal,500,450,24300840,2,188942,data/RV/n500/dod90/replica1.json
RV,realistic_bursty,time_varying,500,0.9,2,formal,500,450,24300966,1,188902,data/RV/n500/dod90/replica2.json
RV,realistic_bursty,time_varying,500,0.9,3,formal,500,450,24301031,0,189017,data/RV/n500/dod90/replica3.json
RV,realistic_bursty,time_varying,500,0.9,4,formal,500,450,24301139,0,189003,data/RV/n500/dod90/replica4.json
RV,realistic_bursty,time_varying,500,0.9,5,extra5,500,450,124305753,0,188971,data/RV/n500/dod90/replica5.json
RV,realistic_bursty,time_varying,500,0.9,6,extra5,500,450,124306733,0,189063,data/RV/n500/dod90/replica6.json
RV,realistic_bursty,time_varying,500,0.9,7,extra5,500,450,124307764,0,189078,data/RV/n500/dod90/replica7.json
RV,realistic_bursty,time_varying,500,0.9,8,extra5,500,450,124308757,3,189002,data/RV/n500/dod90/replica8.json
RV,realistic_bursty,time_varying,500,0.9,9,extra5,500,450,124309777,3,189007,data/RV/n500/dod90/replica9.json
RV,realistic_bursty,time_varying,500,0.95,0,formal,500,475,24310732,0,189036,data/RV/n500/dod95/replica0.json
RV,realistic_bursty,time_varying,500,0.95,1,formal,500,475,24310845,3,189021,data/RV/n500/dod95/replica1.json
RV,realistic_bursty,time_varying,500,0.95,2,formal,500,475,24310931,1,188916,data/RV/n500/dod95/replica2.json
RV,realistic_bursty,time_varying,500,0.95,3,formal,500,475,24311081,4,188993,data/RV/n500/dod95/replica3.json
RV,realistic_bursty,time_varying,500,0.95,4,formal,500,475,24311132,0,189007,data/RV/n500/dod95/replica4.json
RV,realistic_bursty,time_varying,500,0.95,5,extra5,500,475,124315842,3,189023,data/RV/n500/dod95/replica5.json
RV,realistic_bursty,time_varying,500,0.95,6,extra5,500,475,124316750,1,189023,data/RV/n500/dod95/replica6.json
RV,realistic_bursty,time_varying,500,0.95,7,extra5,500,475,124317781,0,189122,data/RV/n500/dod95/replica7.json
RV,realistic_bursty,time_varying,500,0.95,8,extra5,500,475,124318735,3,188977,data/RV/n500/dod95/replica8.json
RV,realistic_bursty,time_varying,500,0.95,9,extra5,500,475,124319765,1,189053,data/RV/n500/dod95/replica9.json
